,0,1,2,3,4,5,6,7,8,9,10,11,12,13,14,15,16,17,18,19,20,21,22,23,24,25,26,27,28,29,30,31,32,33,34,35,36,37,38,39,40,41,42,43,44,45,46,47,48,49,50,51,52,53,54,55,56,57,58,59
obj,1,2,3,4,5,6,7,8,9,10,11,12,13,14,15,16,17,18,19,20,21,22,23,24,25,26,27,28,29,30,31,32,33,34,35,36,37,38,39,40,41,42,43,44,45,46,47,48,49,50,51,52,53,54,55,56,57,58,59,60
0,Tub,Canister ,Tincture ,Bottle,Bottle,Container ,Jar,Bottle,Jar,Jar,Jar,Jar,Jar,Jar,Jar ,Stick,Jar,Jar,Jar,Cobra ,Container ,Stick,Stick ,Can,Bottle,Can,Jar,Bottle,Jar,Jar,Jar,Box,Bottle,Jar,Container ,Jar,Jar,Jar,Bottle,Bottle,Bottle,Bottle ,Jug,Jar,Tub,Can,Can,Bottle ,Bottle,Bottle,Box,Container ,Canister ,Jug,Bottle,Spray bottle ,Container ,Jug,Jug,Jug
1,Small jar,Canister,Bottle,Bottle,Pill Bottle,Bottle,Jar,Bottle,Spice container,Spice container,Jar,Jar,Jar,Jar,Jar,Rollon bottle,Cannister,Container,Jar,Bottle,Bottle,Cannister,Bottle,Can,Pump bottle,Can,Jar,Squeeze bottle,Jar,Jar,Jar,Box,Bottle,Jar,Container,Jar,Jar,Jar,Container,Bottle,Bo,Bottle,Jug,Jar,Dish,Container,Spray can,Container,Bottle,Bottle,Container,Bottle ,Cannister,Jug,Bottle,Spray bottle,Jug,Jason g,Jug,Jug
2,tiny round container,film canister,tiny dropper bottle,small pill bottle,small pill bottle,Small seasoning bottle,little jar,square bottle,seasoning bottle,seasoning bottle,small jar,small food jar,Condiment Jar,small jar,small food jar,little container,small bottle,strange shaped jar,jar,tube,the weird bottle,tube,spray can,Spray can,soap bottle,metal container,jelly jar,shaped bottle,Peanut Butter Jar,glass jar,Small jar,juicebox,Preserves Bottle,small jar,small shaker bottle,Plastic Jar,small jar,Sauce Jar,Small container,odd shaped baby bottle,baby bottle,old style bottle,Large Fluid Bottle,tall plastic jar,small tub,tin,spray can,soap bottle,sippy cup,classic drink bottle,rectangle bottle,very small bottle,paper salt container,large jug,dish soap bottle,squirt bottle,Detergent Bottle,Gas canister shaped container,big plastic container,gallon jug
4,container,Container ,Dropper,Pill container,Pill bottle ,Small container ,Jar,container,Spice bottle ,Jar,jar,Jar,Jar,jar,jar,Plastic ,Spices,Jar,Jar,Squeeze bottle ,Bottle,Small plastic container ,Spray ,Spray can,Applier ,Metal canister,Jar ,Bottle,Jar,Jar,Jar,Carton,Bottle ,jar,Plastic bottle,Jar,Jar,Jar,Shaker ,Bottle,bottle,glass bottle,Jug,jar,Plastic container ,Can,Can,Bottle,Drinking bottle,Glass bottle ,container,plastic container ,Shaker ,jug,Soap bottle ,Spray bottle,Detergent,Jug,Plastic jug,Jug
6,Lip balm container,Bottle,Dropper,Bottle,Bottle,Bottle,Jar,Bottle,Bottle,Bottle,Jar,Jar,Jar,Jar,Jar,Spray can,Shaker,Jar,Jar,Tube,Bottle,Bottle,Spray can,Spray can,Lotion bottle,Can,Jar,Squeeze bottle,Jar,Glass bottle,Bottle,Juice box,Bottle,Jar,Bottle,Jar,Jar,Jar,Bottle,Baby bottle,Baby bottle,Bottle,Big jug,Bottle,Tupperware,Tube can,Spray can,Bottle,Water bottle,Bottle,Bottle,Season bottle,Shaker can,Big jug,Soap bottle,Spray bottle,Jug,Jug,Plastic bottle,Jug
7,thing,no clue,vial,bottle,bottle,thing,jar,bottle,bottle,jar,jar,jar,jar,jar,jar,can,jar,jar,jar,tube,no clue,can,can,can,bottle,jar,jar,bottle,jar,jar,jar,box,bottle,jar,bottle,jar,jar,jar,bottle,bottle,bottle,jar,tub,jar,no clue,can,can,tube,bottle,bottle,no clue,no clue,thing,tub,bottle,spray bottle,tub,jug,tub,jug
8,canister,film canister,glass dropper bottle,pill bottle,pill bottle,spice jar,jar,small bottle,spice jar,spice jar,jar,small jar,jar,jar,jar,roller stick,canister,jar,jar,tube,squeeze bottle,tube,spray bottle,spray can,pump bottle,can,jar,squeeze bottle,jar,jar,jar,juice box,squeeze bottle,jar,canister,jar,jar,jar,canister,baby bottle,baby bottle,glass bottle,jug,jar,tub,can,aerosol can,bottle,water bottle,glass bottle,bottle,small bottle,canister,jug,bottle,spray bottle,jug,jug,wide mouth jug,gallon jug
11,Carmex jar,Container,Dropper,Bottle,Bottle,Container,Jar,Bottle,Bottle,Bottle,Jar,Jar,Jar,Jar,Jar,Body spray,Jar,Jar,Jar,Squeez bottle,Bottle,Glue stick,Spray can,Spray can,Pump bottle,Rubber cement can,Jar,Honey bottle,Jar,Jar,Jar,Carton,The squeez bottle,Mayonnaise jar,Shaker,Jar,Jar,Jar,Container,Bottle,Bottle,Jar,Jug,Jar,Bowl,Can,Spray can,Bottle,Cup,Beer bottle,Square bottle,Salt shaker,Container,Jug,Bottle,Spray bottle,Jug,Jug,Jug,Jug
12,can,jar,dropper,bottle,jar,can,jar,bottle,bottle,bottle,jar,jar,jar,jar,jar,can,bottle,jar,jar,bottle,bottle,spray can,spray can,spray can,bottle,can,jar,bottle,jar,jar,jar,box,bottle,jar,bottle,jar,jar,jar,bottle,bottle,bottle,bottle,bottle,jar,can,soda can,spray cam,deodurant stick,botte,bottle,can,bottle,salt can,canister,bottle,spray bottle,canister,cannister,jar,Carton
13,Container,Canister,Dropper,Bottle,Bottle,Bottle,Jar,Bottle,Bottle,Jar,Jar,Jar,Jar,Jar,Jar,Roller bottle,Jar,Jar,Jar,Bottle ,Bottle,Bottle,Spray bottle,Aerosol Can,Pump bottle,Tin,Jar,Bottle,Jar,Jar,Jar,Juice carton,Squeeze bottle,Jar,Bottle,Jar,Jar,Jar,Bottle,Baby bottle,Baby bottle ,Bottle,Carton,Jar,Tub,Tin,Aerosol can,Bottle,Water bottle ,Bottle,Carton,Bottle,Container,Carton ,Bottle,Spray bottle,Jug,Jug,Carton,Milk carton
14,glass container,spool,glass dropper bottle,small plastic bottle,small plastic bottle,tiny plastic container,small glass jar,small glass bottle,small glass jar,small glass container,glass jar,small glass jar,small glass jar,small glass jar,small jar,small plastic container,small glass jar,small glass jar,small glass jar,plastic tube,plastic container,small plastic container,small spray bottle,spray can,plastic container,small metal container,glass jar,plastic squeeze bottle,jar,glass jar,small jar,small tetrapack,plastic squeeze bottle,glass jar,plastic bottle,glass jar,jar,glass jar,plastic container,plastic baby bottle,plastic baby bottle,glass bottle,large plastic container,glass jar,plastic container,juice container,spray can,plastic container,plastic drinks bottle,glass bottle,plastic bottle,small container,cardboard container,large plastic container,plastic bottle,plastic bottle,plastic container,large plastic container,large plastic container,large plastic container
17,tin,film canister,dropper bottle,pill bottle,pillbottle,shaker,jar,bottle,bottle,jar,jar,jar,jar,jar,jar,stick,jar,jar,jar,tube,bottle,shaker or spray,spray bottle,spray can,pump,metal jar,jar,bottle,jar,jar,bottle,juice box,squeezy bottle,jar,bottle,jar,jar,jar,bottle,baby bottle,baby bottle,bottle,jug,jar,tub,frozen juice,spray can,bottle,water bottle,bottle,shampoo bottle,bottle,pourer,jug,bottle,squirty bottle,jug,jug,bottle,jug
19,Balm,Cap bottle,Dropper,Pill bottle,Pill bottle,Spice bottle,Jar,Medicine bottle,Herb bottle,Herb jar,Jar,Jar,Jar,Jar,Jar,Roll on,Jar,Jar,Jar,Squeeze bottle,Bottle,Bottle,Spray can,Spray bottle,Dispenser,Bottle,Jar,Squeeze bottle,Jar,Jar,Jar,Juice box,Squeeze bottle,Jar,Bottle,Jar,Jar,Jar,Bottle,Baby bottle,Baby bottle,Jar,Jug,Jar,Tub,Can,Spray can,Shampoo bottle,Drink bottle,Bottle,Shampoo bottle,Squeeze bottle,Dispenser,Jug,Detergent bottle,Spray bottle,Jug,Jug,Jug,Jug
20,Glass jar,Plastic bottle,Glass jar,Plastic bottle,Plastic bottle,Small plastic container,Glass jar,Small bottle,Plastic jar,Glass bottle,Glass jar,Glass jar,Glass jar,Glass jar,Glass jar,Plastic container,Glass container,Glass jar,Glass jar,Plastic tube,Plastic bottle,Plastic container,Metal aerosol can,Aerosol spray can,Plastic bottle,Metal can,Glass jar,Plastic bottle,Glass jar,Glass jar,Glass jar,Paper box,Plastic bottle,Glass jar,Plastic container,Glass jar,Glass jar,Glass jar,Plastic bottle,Baby bottle,Baby bottle,Glass bottle,Plastic jug,Glass jar,Plastic container,Paper can with metal ends,Aerosol spray can,Plastic bottle,Plastic bottle,Glass bottle,Plastic box,Plastic bottle,Paper can with metal pour spout,Plastic jug,Plastic bottle ,Plastic squirt bottle,Plastic jug,Plastic jug,Plastic jug,Plastic jug
21,small container,can,bottle,bottle,pills bottle,container,jar,bottle,bottle,bottle,jar,baby jar,plastic jar,jar,jar,roll on bottle,jar,jar,jar,plastic bottle,bottle,bottle,can,spray can,bottle,can,jar,bottle,jar,jar,honey jar,juice box,plastic bottle,jar,jar,jar,jar,jar,bottle,baby bottle,bottle,bottle,plastic bottle,jar,container,can,spray can,bottle,glue bottle,bottle,bottle,bottle,salt jar,plastic bottle,bottle,spray bottle,bottle,plastic bottle,bottle,plastic bottle
24,jar,film container,dropper bottle,prescription bottle,bottle,spice jar,jar,vial,spice bottle,bottle,glass container,jar,jar,jar,jar,can of deodorant,container,jar,jar,tube,lotion bottle,can,aerosol can,aerosol can,dispenser,twist off can,jar,squeeze bottle,plastic jar,jar,jar,juice box,squeeze bottle,jar,plastic bottle,jar,jar,jar,bottle,bottle,baby bottle,glass bottle,jug,jar,plastic container,can,aerosol can,plastic bottle,souvenir cup,bottle,box,medicine bottle,salt container,bottle,soap bottle,spray bottle,jug,jug,plastic jug,milk jug
