StartDate,EndDate,Q1,Q2,Q3,Q4,Q5,1_Q7,1_Q8,2_Q7,2_Q8,3_Q7,3_Q8,4_Q7,4_Q8,5_Q7,5_Q8,6_Q7,6_Q8,7_Q7,7_Q8,8_Q7,8_Q8,9_Q7,9_Q8,10_Q7,10_Q8,11_Q7,11_Q8,12_Q7,12_Q8,13_Q7,13_Q8,14_Q7,14_Q8,15_Q7,15_Q8,16_Q7,16_Q8,17_Q7,17_Q8,18_Q7,18_Q8,19_Q7,19_Q8,20_Q7,20_Q8,21_Q7,21_Q8,22_Q7,22_Q8,23_Q7,23_Q8,24_Q7,24_Q8,25_Q7,25_Q8,26_Q7,26_Q8,27_Q7,27_Q8,28_Q7,28_Q8,29_Q7,29_Q8,30_Q7,30_Q8,31_Q7,31_Q8,32_Q7,32_Q8,33_Q7,33_Q8,34_Q7,34_Q8,35_Q7,35_Q8,36_Q7,36_Q8,37_Q7,37_Q8,38_Q7,38_Q8,39_Q7,39_Q8,40_Q7,40_Q8,41_Q7,41_Q8,42_Q7,42_Q8,43_Q7,43_Q8,44_Q7,44_Q8,45_Q7,45_Q8,46_Q7,46_Q8,47_Q7,47_Q8,48_Q7,48_Q8,49_Q7,49_Q8,50_Q7,50_Q8,51_Q7,51_Q8,52_Q7,52_Q8,53_Q7,53_Q8,54_Q7,54_Q8,55_Q7,55_Q8,56_Q7,56_Q8,57_Q7,57_Q8,58_Q7,58_Q8,59_Q7,59_Q8,60_Q7,60_Q8,Q9,ID
Start Date,End Date,您在哪里出生？,您是否在西方国家生活超过4年（可累计）？,你的性别是？,你的年龄是？,仔细看下方的图片。想象你正在和一个没有看到过这张图片的人说话。你会怎么跟他们说你看到了什么呢？ 请非常详细地描述，使用至少4-5个完整的句子。.........,https://berkeley.ca1.qualtrics.com/ControlPanel/Graphic.php?IM=IM_afQRFveIaq02fLU - 在日常生活中，你有多常提及上图中的容器？请关注容器本身，而非它的内容物或者标签内容；图中的尺子只用于展示容器的大小。请将你提及图中容器的频率从1（我完全不提及这个容器）到7（我每天都提及这个容器）打分。,https://berkeley.ca1.qualtrics.com/ControlPanel/Graphic.php?IM=IM_afQRFveIaq02fLU - 你把上图中的容器叫做什么? 请命名容器本身，而非容器的内容物。给出你认为最好或最自然的容器名；它可以是单字或多字词。,https://berkeley.ca1.qualtrics.com/ControlPanel/Graphic.php?IM=IM_6Kx7OD8UTMUCdbo - 在日常生活中，你有多常提及上图中的容器？请关注容器本身，而非它的内容物或者标签内容；图中的尺子只用于展示容器的大小。请将你提及图中容器的频率从1（我完全不提及这个容器）到7（我每天都提及这个容器）打分。,https://berkeley.ca1.qualtrics.com/ControlPanel/Graphic.php?IM=IM_6Kx7OD8UTMUCdbo - 你把上图中的容器叫做什么? 请命名容器本身，而非容器的内容物。给出你认为最好或最自然的容器名；它可以是单字或多字词。,https://berkeley.ca1.qualtrics.com/ControlPanel/Graphic.php?IM=IM_4106z2rAUck8XeS - 在日常生活中，你有多常提及上图中的容器？请关注容器本身，而非它的内容物或者标签内容；图中的尺子只用于展示容器的大小。请将你提及图中容器的频率从1（我完全不提及这个容器）到7（我每天都提及这个容器）打分。,https://berkeley.ca1.qualtrics.com/ControlPanel/Graphic.php?IM=IM_4106z2rAUck8XeS - 你把上图中的容器叫做什么? 请命名容器本身，而非容器的内容物。给出你认为最好或最自然的容器名；它可以是单字或多字词。,https://berkeley.ca1.qualtrics.com/ControlPanel/Graphic.php?IM=IM_8AfOllnjyPrVtgG - 在日常生活中，你有多常提及上图中的容器？请关注容器本身，而非它的内容物或者标签内容；图中的尺子只用于展示容器的大小。请将你提及图中容器的频率从1（我完全不提及这个容器）到7（我每天都提及这个容器）打分。,https://berkeley.ca1.qualtrics.com/ControlPanel/Graphic.php?IM=IM_8AfOllnjyPrVtgG - 你把上图中的容器叫做什么? 请命名容器本身，而非容器的内容物。给出你认为最好或最自然的容器名；它可以是单字或多字词。,https://berkeley.ca1.qualtrics.com/ControlPanel/Graphic.php?IM=IM_e9XunPN7eq3yW10 - 在日常生活中，你有多常提及上图中的容器？请关注容器本身，而非它的内容物或者标签内容；图中的尺子只用于展示容器的大小。请将你提及图中容器的频率从1（我完全不提及这个容器）到7（我每天都提及这个容器）打分。,https://berkeley.ca1.qualtrics.com/ControlPanel/Graphic.php?IM=IM_e9XunPN7eq3yW10 - 你把上图中的容器叫做什么? 请命名容器本身，而非容器的内容物。给出你认为最好或最自然的容器名；它可以是单字或多字词。,https://berkeley.ca1.qualtrics.com/ControlPanel/Graphic.php?IM=IM_0cSi5tr47UPl5Uq - 在日常生活中，你有多常提及上图中的容器？请关注容器本身，而非它的内容物或者标签内容；图中的尺子只用于展示容器的大小。请将你提及图中容器的频率从1（我完全不提及这个容器）到7（我每天都提及这个容器）打分。,https://berkeley.ca1.qualtrics.com/ControlPanel/Graphic.php?IM=IM_0cSi5tr47UPl5Uq - 你把上图中的容器叫做什么? 请命名容器本身，而非容器的内容物。给出你认为最好或最自然的容器名；它可以是单字或多字词。,https://berkeley.ca1.qualtrics.com/ControlPanel/Graphic.php?IM=IM_aV1hwXsakeqF29U - 在日常生活中，你有多常提及上图中的容器？请关注容器本身，而非它的内容物或者标签内容；图中的尺子只用于展示容器的大小。请将你提及图中容器的频率从1（我完全不提及这个容器）到7（我每天都提及这个容器）打分。,https://berkeley.ca1.qualtrics.com/ControlPanel/Graphic.php?IM=IM_aV1hwXsakeqF29U - 你把上图中的容器叫做什么? 请命名容器本身，而非容器的内容物。给出你认为最好或最自然的容器名；它可以是单字或多字词。,https://berkeley.ca1.qualtrics.com/ControlPanel/Graphic.php?IM=IM_9uwtoejyeNEPlL8 - 在日常生活中，你有多常提及上图中的容器？请关注容器本身，而非它的内容物或者标签内容；图中的尺子只用于展示容器的大小。请将你提及图中容器的频率从1（我完全不提及这个容器）到7（我每天都提及这个容器）打分。,https://berkeley.ca1.qualtrics.com/ControlPanel/Graphic.php?IM=IM_9uwtoejyeNEPlL8 - 你把上图中的容器叫做什么? 请命名容器本身，而非容器的内容物。给出你认为最好或最自然的容器名；它可以是单字或多字词。,https://berkeley.ca1.qualtrics.com/ControlPanel/Graphic.php?IM=IM_d10HlbWAPkN1aeO - 在日常生活中，你有多常提及上图中的容器？请关注容器本身，而非它的内容物或者标签内容；图中的尺子只用于展示容器的大小。请将你提及图中容器的频率从1（我完全不提及这个容器）到7（我每天都提及这个容器）打分。,https://berkeley.ca1.qualtrics.com/ControlPanel/Graphic.php?IM=IM_d10HlbWAPkN1aeO - 你把上图中的容器叫做什么? 请命名容器本身，而非容器的内容物。给出你认为最好或最自然的容器名；它可以是单字或多字词。,https://berkeley.ca1.qualtrics.com/ControlPanel/Graphic.php?IM=IM_6rqNd6JhYo67Hjo - 在日常生活中，你有多常提及上图中的容器？请关注容器本身，而非它的内容物或者标签内容；图中的尺子只用于展示容器的大小。请将你提及图中容器的频率从1（我完全不提及这个容器）到7（我每天都提及这个容器）打分。,https://berkeley.ca1.qualtrics.com/ControlPanel/Graphic.php?IM=IM_6rqNd6JhYo67Hjo - 你把上图中的容器叫做什么? 请命名容器本身，而非容器的内容物。给出你认为最好或最自然的容器名；它可以是单字或多字词。,https://berkeley.ca1.qualtrics.com/ControlPanel/Graphic.php?IM=IM_3OeNybXMnPdSIEC - 在日常生活中，你有多常提及上图中的容器？请关注容器本身，而非它的内容物或者标签内容；图中的尺子只用于展示容器的大小。请将你提及图中容器的频率从1（我完全不提及这个容器）到7（我每天都提及这个容器）打分。,https://berkeley.ca1.qualtrics.com/ControlPanel/Graphic.php?IM=IM_3OeNybXMnPdSIEC - 你把上图中的容器叫做什么? 请命名容器本身，而非容器的内容物。给出你认为最好或最自然的容器名；它可以是单字或多字词。,https://berkeley.ca1.qualtrics.com/ControlPanel/Graphic.php?IM=IM_3Eu3X6smkWhhdau - 在日常生活中，你有多常提及上图中的容器？请关注容器本身，而非它的内容物或者标签内容；图中的尺子只用于展示容器的大小。请将你提及图中容器的频率从1（我完全不提及这个容器）到7（我每天都提及这个容器）打分。,https://berkeley.ca1.qualtrics.com/ControlPanel/Graphic.php?IM=IM_3Eu3X6smkWhhdau - 你把上图中的容器叫做什么? 请命名容器本身，而非容器的内容物。给出你认为最好或最自然的容器名；它可以是单字或多字词。,https://berkeley.ca1.qualtrics.com/ControlPanel/Graphic.php?IM=IM_afwKvk5u1HX9upU - 在日常生活中，你有多常提及上图中的容器？请关注容器本身，而非它的内容物或者标签内容；图中的尺子只用于展示容器的大小。请将你提及图中容器的频率从1（我完全不提及这个容器）到7（我每天都提及这个容器）打分。,https://berkeley.ca1.qualtrics.com/ControlPanel/Graphic.php?IM=IM_afwKvk5u1HX9upU - 你把上图中的容器叫做什么? 请命名容器本身，而非容器的内容物。给出你认为最好或最自然的容器名；它可以是单字或多字词。,https://berkeley.ca1.qualtrics.com/ControlPanel/Graphic.php?IM=IM_eXnaNK4BZJcvjZc - 在日常生活中，你有多常提及上图中的容器？请关注容器本身，而非它的内容物或者标签内容；图中的尺子只用于展示容器的大小。请将你提及图中容器的频率从1（我完全不提及这个容器）到7（我每天都提及这个容器）打分。,https://berkeley.ca1.qualtrics.com/ControlPanel/Graphic.php?IM=IM_eXnaNK4BZJcvjZc - 你把上图中的容器叫做什么? 请命名容器本身，而非容器的内容物。给出你认为最好或最自然的容器名；它可以是单字或多字词。,https://berkeley.ca1.qualtrics.com/ControlPanel/Graphic.php?IM=IM_3OXDnmiT0Spjlci - 在日常生活中，你有多常提及上图中的容器？请关注容器本身，而非它的内容物或者标签内容；图中的尺子只用于展示容器的大小。请将你提及图中容器的频率从1（我完全不提及这个容器）到7（我每天都提及这个容器）打分。,https://berkeley.ca1.qualtrics.com/ControlPanel/Graphic.php?IM=IM_3OXDnmiT0Spjlci - 你把上图中的容器叫做什么? 请命名容器本身，而非容器的内容物。给出你认为最好或最自然的容器名；它可以是单字或多字词。,https://berkeley.ca1.qualtrics.com/ControlPanel/Graphic.php?IM=IM_9Wz0yfcoECpgsKy - 在日常生活中，你有多常提及上图中的容器？请关注容器本身，而非它的内容物或者标签内容；图中的尺子只用于展示容器的大小。请将你提及图中容器的频率从1（我完全不提及这个容器）到7（我每天都提及这个容器）打分。,https://berkeley.ca1.qualtrics.com/ControlPanel/Graphic.php?IM=IM_9Wz0yfcoECpgsKy - 你把上图中的容器叫做什么? 请命名容器本身，而非容器的内容物。给出你认为最好或最自然的容器名；它可以是单字或多字词。,https://berkeley.ca1.qualtrics.com/ControlPanel/Graphic.php?IM=IM_cT0RoxJMzWb6Qho - 在日常生活中，你有多常提及上图中的容器？请关注容器本身，而非它的内容物或者标签内容；图中的尺子只用于展示容器的大小。请将你提及图中容器的频率从1（我完全不提及这个容器）到7（我每天都提及这个容器）打分。,https://berkeley.ca1.qualtrics.com/ControlPanel/Graphic.php?IM=IM_cT0RoxJMzWb6Qho - 你把上图中的容器叫做什么? 请命名容器本身，而非容器的内容物。给出你认为最好或最自然的容器名；它可以是单字或多字词。,https://berkeley.ca1.qualtrics.com/ControlPanel/Graphic.php?IM=IM_diqUSe1VXMzjLa6 - 在日常生活中，你有多常提及上图中的容器？请关注容器本身，而非它的内容物或者标签内容；图中的尺子只用于展示容器的大小。请将你提及图中容器的频率从1（我完全不提及这个容器）到7（我每天都提及这个容器）打分。,https://berkeley.ca1.qualtrics.com/ControlPanel/Graphic.php?IM=IM_diqUSe1VXMzjLa6 - 你把上图中的容器叫做什么? 请命名容器本身，而非容器的内容物。给出你认为最好或最自然的容器名；它可以是单字或多字词。,https://berkeley.ca1.qualtrics.com/ControlPanel/Graphic.php?IM=IM_bE2F2diSwJL3iHs - 在日常生活中，你有多常提及上图中的容器？请关注容器本身，而非它的内容物或者标签内容；图中的尺子只用于展示容器的大小。请将你提及图中容器的频率从1（我完全不提及这个容器）到7（我每天都提及这个容器）打分。,https://berkeley.ca1.qualtrics.com/ControlPanel/Graphic.php?IM=IM_bE2F2diSwJL3iHs - 你把上图中的容器叫做什么? 请命名容器本身，而非容器的内容物。给出你认为最好或最自然的容器名；它可以是单字或多字词。,https://berkeley.ca1.qualtrics.com/ControlPanel/Graphic.php?IM=IM_0cWx8pwTlvooHEa - 在日常生活中，你有多常提及上图中的容器？请关注容器本身，而非它的内容物或者标签内容；图中的尺子只用于展示容器的大小。请将你提及图中容器的频率从1（我完全不提及这个容器）到7（我每天都提及这个容器）打分。,https://berkeley.ca1.qualtrics.com/ControlPanel/Graphic.php?IM=IM_0cWx8pwTlvooHEa - 你把上图中的容器叫做什么? 请命名容器本身，而非容器的内容物。给出你认为最好或最自然的容器名；它可以是单字或多字词。,https://berkeley.ca1.qualtrics.com/ControlPanel/Graphic.php?IM=IM_0UlVWzXvwLQYPC6 - 在日常生活中，你有多常提及上图中的容器？请关注容器本身，而非它的内容物或者标签内容；图中的尺子只用于展示容器的大小。请将你提及图中容器的频率从1（我完全不提及这个容器）到7（我每天都提及这个容器）打分。,https://berkeley.ca1.qualtrics.com/ControlPanel/Graphic.php?IM=IM_0UlVWzXvwLQYPC6 - 你把上图中的容器叫做什么? 请命名容器本身，而非容器的内容物。给出你认为最好或最自然的容器名；它可以是单字或多字词。,https://berkeley.ca1.qualtrics.com/ControlPanel/Graphic.php?IM=IM_3gfUZLCBusxXdpc - 在日常生活中，你有多常提及上图中的容器？请关注容器本身，而非它的内容物或者标签内容；图中的尺子只用于展示容器的大小。请将你提及图中容器的频率从1（我完全不提及这个容器）到7（我每天都提及这个容器）打分。,https://berkeley.ca1.qualtrics.com/ControlPanel/Graphic.php?IM=IM_3gfUZLCBusxXdpc - 你把上图中的容器叫做什么? 请命名容器本身，而非容器的内容物。给出你认为最好或最自然的容器名；它可以是单字或多字词。,https://berkeley.ca1.qualtrics.com/ControlPanel/Graphic.php?IM=IM_1KQslMqMkLgbJDo - 在日常生活中，你有多常提及上图中的容器？请关注容器本身，而非它的内容物或者标签内容；图中的尺子只用于展示容器的大小。请将你提及图中容器的频率从1（我完全不提及这个容器）到7（我每天都提及这个容器）打分。,https://berkeley.ca1.qualtrics.com/ControlPanel/Graphic.php?IM=IM_1KQslMqMkLgbJDo - 你把上图中的容器叫做什么? 请命名容器本身，而非容器的内容物。给出你认为最好或最自然的容器名；它可以是单字或多字词。,https://berkeley.ca1.qualtrics.com/ControlPanel/Graphic.php?IM=IM_3JgPU5aypLNEhLM - 在日常生活中，你有多常提及上图中的容器？请关注容器本身，而非它的内容物或者标签内容；图中的尺子只用于展示容器的大小。请将你提及图中容器的频率从1（我完全不提及这个容器）到7（我每天都提及这个容器）打分。,https://berkeley.ca1.qualtrics.com/ControlPanel/Graphic.php?IM=IM_3JgPU5aypLNEhLM - 你把上图中的容器叫做什么? 请命名容器本身，而非容器的内容物。给出你认为最好或最自然的容器名；它可以是单字或多字词。,https://berkeley.ca1.qualtrics.com/ControlPanel/Graphic.php?IM=IM_8w5hsarM1iWTeES - 在日常生活中，你有多常提及上图中的容器？请关注容器本身，而非它的内容物或者标签内容；图中的尺子只用于展示容器的大小。请将你提及图中容器的频率从1（我完全不提及这个容器）到7（我每天都提及这个容器）打分。,https://berkeley.ca1.qualtrics.com/ControlPanel/Graphic.php?IM=IM_8w5hsarM1iWTeES - 你把上图中的容器叫做什么? 请命名容器本身，而非容器的内容物。给出你认为最好或最自然的容器名；它可以是单字或多字词。,https://berkeley.ca1.qualtrics.com/ControlPanel/Graphic.php?IM=IM_5mCx02HYEjcX1Pw - 在日常生活中，你有多常提及上图中的容器？请关注容器本身，而非它的内容物或者标签内容；图中的尺子只用于展示容器的大小。请将你提及图中容器的频率从1（我完全不提及这个容器）到7（我每天都提及这个容器）打分。,https://berkeley.ca1.qualtrics.com/ControlPanel/Graphic.php?IM=IM_5mCx02HYEjcX1Pw - 你把上图中的容器叫做什么? 请命名容器本身，而非容器的内容物。给出你认为最好或最自然的容器名；它可以是单字或多字词。,https://berkeley.ca1.qualtrics.com/ControlPanel/Graphic.php?IM=IM_7TK5XGVoT2mC2SW - 在日常生活中，你有多常提及上图中的容器？请关注容器本身，而非它的内容物或者标签内容；图中的尺子只用于展示容器的大小。请将你提及图中容器的频率从1（我完全不提及这个容器）到7（我每天都提及这个容器）打分。,https://berkeley.ca1.qualtrics.com/ControlPanel/Graphic.php?IM=IM_7TK5XGVoT2mC2SW - 你把上图中的容器叫做什么? 请命名容器本身，而非容器的内容物。给出你认为最好或最自然的容器名；它可以是单字或多字词。,https://berkeley.ca1.qualtrics.com/ControlPanel/Graphic.php?IM=IM_82C4QZpppbz1j94 - 在日常生活中，你有多常提及上图中的容器？请关注容器本身，而非它的内容物或者标签内容；图中的尺子只用于展示容器的大小。请将你提及图中容器的频率从1（我完全不提及这个容器）到7（我每天都提及这个容器）打分。,https://berkeley.ca1.qualtrics.com/ControlPanel/Graphic.php?IM=IM_82C4QZpppbz1j94 - 你把上图中的容器叫做什么? 请命名容器本身，而非容器的内容物。给出你认为最好或最自然的容器名；它可以是单字或多字词。,https://berkeley.ca1.qualtrics.com/ControlPanel/Graphic.php?IM=IM_8cE95LKfP54dhlQ - 在日常生活中，你有多常提及上图中的容器？请关注容器本身，而非它的内容物或者标签内容；图中的尺子只用于展示容器的大小。请将你提及图中容器的频率从1（我完全不提及这个容器）到7（我每天都提及这个容器）打分。,https://berkeley.ca1.qualtrics.com/ControlPanel/Graphic.php?IM=IM_8cE95LKfP54dhlQ - 你把上图中的容器叫做什么? 请命名容器本身，而非容器的内容物。给出你认为最好或最自然的容器名；它可以是单字或多字词。,https://berkeley.ca1.qualtrics.com/ControlPanel/Graphic.php?IM=IM_eD9IHduCiw6MAtg - 在日常生活中，你有多常提及上图中的容器？请关注容器本身，而非它的内容物或者标签内容；图中的尺子只用于展示容器的大小。请将你提及图中容器的频率从1（我完全不提及这个容器）到7（我每天都提及这个容器）打分。,https://berkeley.ca1.qualtrics.com/ControlPanel/Graphic.php?IM=IM_eD9IHduCiw6MAtg - 你把上图中的容器叫做什么? 请命名容器本身，而非容器的内容物。给出你认为最好或最自然的容器名；它可以是单字或多字词。,https://berkeley.ca1.qualtrics.com/ControlPanel/Graphic.php?IM=IM_3PgI0QAKG4FMwuO - 在日常生活中，你有多常提及上图中的容器？请关注容器本身，而非它的内容物或者标签内容；图中的尺子只用于展示容器的大小。请将你提及图中容器的频率从1（我完全不提及这个容器）到7（我每天都提及这个容器）打分。,https://berkeley.ca1.qualtrics.com/ControlPanel/Graphic.php?IM=IM_3PgI0QAKG4FMwuO - 你把上图中的容器叫做什么? 请命名容器本身，而非容器的内容物。给出你认为最好或最自然的容器名；它可以是单字或多字词。,https://berkeley.ca1.qualtrics.com/ControlPanel/Graphic.php?IM=IM_43oi0hc85VitUMK - 在日常生活中，你有多常提及上图中的容器？请关注容器本身，而非它的内容物或者标签内容；图中的尺子只用于展示容器的大小。请将你提及图中容器的频率从1（我完全不提及这个容器）到7（我每天都提及这个容器）打分。,https://berkeley.ca1.qualtrics.com/ControlPanel/Graphic.php?IM=IM_43oi0hc85VitUMK - 你把上图中的容器叫做什么? 请命名容器本身，而非容器的内容物。给出你认为最好或最自然的容器名；它可以是单字或多字词。,https://berkeley.ca1.qualtrics.com/ControlPanel/Graphic.php?IM=IM_e8v6L9HHIeBkwBw - 在日常生活中，你有多常提及上图中的容器？请关注容器本身，而非它的内容物或者标签内容；图中的尺子只用于展示容器的大小。请将你提及图中容器的频率从1（我完全不提及这个容器）到7（我每天都提及这个容器）打分。,https://berkeley.ca1.qualtrics.com/ControlPanel/Graphic.php?IM=IM_e8v6L9HHIeBkwBw - 你把上图中的容器叫做什么? 请命名容器本身，而非容器的内容物。给出你认为最好或最自然的容器名；它可以是单字或多字词。,https://berkeley.ca1.qualtrics.com/ControlPanel/Graphic.php?IM=IM_2lyqHFZMftQZmGa - 在日常生活中，你有多常提及上图中的容器？请关注容器本身，而非它的内容物或者标签内容；图中的尺子只用于展示容器的大小。请将你提及图中容器的频率从1（我完全不提及这个容器）到7（我每天都提及这个容器）打分。,https://berkeley.ca1.qualtrics.com/ControlPanel/Graphic.php?IM=IM_2lyqHFZMftQZmGa - 你把上图中的容器叫做什么? 请命名容器本身，而非容器的内容物。给出你认为最好或最自然的容器名；它可以是单字或多字词。,https://berkeley.ca1.qualtrics.com/ControlPanel/Graphic.php?IM=IM_1RBaSD6Z8LWrf5I - 在日常生活中，你有多常提及上图中的容器？请关注容器本身，而非它的内容物或者标签内容；图中的尺子只用于展示容器的大小。请将你提及图中容器的频率从1（我完全不提及这个容器）到7（我每天都提及这个容器）打分。,https://berkeley.ca1.qualtrics.com/ControlPanel/Graphic.php?IM=IM_1RBaSD6Z8LWrf5I - 你把上图中的容器叫做什么? 请命名容器本身，而非容器的内容物。给出你认为最好或最自然的容器名；它可以是单字或多字词。,https://berkeley.ca1.qualtrics.com/ControlPanel/Graphic.php?IM=IM_0DGwldkKglOkd82 - 在日常生活中，你有多常提及上图中的容器？请关注容器本身，而非它的内容物或者标签内容；图中的尺子只用于展示容器的大小。请将你提及图中容器的频率从1（我完全不提及这个容器）到7（我每天都提及这个容器）打分。,https://berkeley.ca1.qualtrics.com/ControlPanel/Graphic.php?IM=IM_0DGwldkKglOkd82 - 你把上图中的容器叫做什么? 请命名容器本身，而非容器的内容物。给出你认为最好或最自然的容器名；它可以是单字或多字词。,https://berkeley.ca1.qualtrics.com/ControlPanel/Graphic.php?IM=IM_79buZbdfhVPsVls - 在日常生活中，你有多常提及上图中的容器？请关注容器本身，而非它的内容物或者标签内容；图中的尺子只用于展示容器的大小。请将你提及图中容器的频率从1（我完全不提及这个容器）到7（我每天都提及这个容器）打分。,https://berkeley.ca1.qualtrics.com/ControlPanel/Graphic.php?IM=IM_79buZbdfhVPsVls - 你把上图中的容器叫做什么? 请命名容器本身，而非容器的内容物。给出你认为最好或最自然的容器名；它可以是单字或多字词。,https://berkeley.ca1.qualtrics.com/ControlPanel/Graphic.php?IM=IM_0ppzqDaaakG5ul0 - 在日常生活中，你有多常提及上图中的容器？请关注容器本身，而非它的内容物或者标签内容；图中的尺子只用于展示容器的大小。请将你提及图中容器的频率从1（我完全不提及这个容器）到7（我每天都提及这个容器）打分。,https://berkeley.ca1.qualtrics.com/ControlPanel/Graphic.php?IM=IM_0ppzqDaaakG5ul0 - 你把上图中的容器叫做什么? 请命名容器本身，而非容器的内容物。给出你认为最好或最自然的容器名；它可以是单字或多字词。,https://berkeley.ca1.qualtrics.com/ControlPanel/Graphic.php?IM=IM_1HSVaEDj8F4dn5Y - 在日常生活中，你有多常提及上图中的容器？请关注容器本身，而非它的内容物或者标签内容；图中的尺子只用于展示容器的大小。请将你提及图中容器的频率从1（我完全不提及这个容器）到7（我每天都提及这个容器）打分。,https://berkeley.ca1.qualtrics.com/ControlPanel/Graphic.php?IM=IM_1HSVaEDj8F4dn5Y - 你把上图中的容器叫做什么? 请命名容器本身，而非容器的内容物。给出你认为最好或最自然的容器名；它可以是单字或多字词。,https://berkeley.ca1.qualtrics.com/ControlPanel/Graphic.php?IM=IM_3W99nQr5fm016my - 在日常生活中，你有多常提及上图中的容器？请关注容器本身，而非它的内容物或者标签内容；图中的尺子只用于展示容器的大小。请将你提及图中容器的频率从1（我完全不提及这个容器）到7（我每天都提及这个容器）打分。,https://berkeley.ca1.qualtrics.com/ControlPanel/Graphic.php?IM=IM_3W99nQr5fm016my - 你把上图中的容器叫做什么? 请命名容器本身，而非容器的内容物。给出你认为最好或最自然的容器名；它可以是单字或多字词。,https://berkeley.ca1.qualtrics.com/ControlPanel/Graphic.php?IM=IM_beieH7vqNUTRbQW - 在日常生活中，你有多常提及上图中的容器？请关注容器本身，而非它的内容物或者标签内容；图中的尺子只用于展示容器的大小。请将你提及图中容器的频率从1（我完全不提及这个容器）到7（我每天都提及这个容器）打分。,https://berkeley.ca1.qualtrics.com/ControlPanel/Graphic.php?IM=IM_beieH7vqNUTRbQW - 你把上图中的容器叫做什么? 请命名容器本身，而非容器的内容物。给出你认为最好或最自然的容器名；它可以是单字或多字词。,https://berkeley.ca1.qualtrics.com/ControlPanel/Graphic.php?IM=IM_bfrxYjxwOoYJGey - 在日常生活中，你有多常提及上图中的容器？请关注容器本身，而非它的内容物或者标签内容；图中的尺子只用于展示容器的大小。请将你提及图中容器的频率从1（我完全不提及这个容器）到7（我每天都提及这个容器）打分。,https://berkeley.ca1.qualtrics.com/ControlPanel/Graphic.php?IM=IM_bfrxYjxwOoYJGey - 你把上图中的容器叫做什么? 请命名容器本身，而非容器的内容物。给出你认为最好或最自然的容器名；它可以是单字或多字词。,https://berkeley.ca1.qualtrics.com/ControlPanel/Graphic.php?IM=IM_0ifFZioxeU6uQUS - 在日常生活中，你有多常提及上图中的容器？请关注容器本身，而非它的内容物或者标签内容；图中的尺子只用于展示容器的大小。请将你提及图中容器的频率从1（我完全不提及这个容器）到7（我每天都提及这个容器）打分。,https://berkeley.ca1.qualtrics.com/ControlPanel/Graphic.php?IM=IM_0ifFZioxeU6uQUS - 你把上图中的容器叫做什么? 请命名容器本身，而非容器的内容物。给出你认为最好或最自然的容器名；它可以是单字或多字词。,https://berkeley.ca1.qualtrics.com/ControlPanel/Graphic.php?IM=IM_b9qilJWpZ4FP4Mu - 在日常生活中，你有多常提及上图中的容器？请关注容器本身，而非它的内容物或者标签内容；图中的尺子只用于展示容器的大小。请将你提及图中容器的频率从1（我完全不提及这个容器）到7（我每天都提及这个容器）打分。,https://berkeley.ca1.qualtrics.com/ControlPanel/Graphic.php?IM=IM_b9qilJWpZ4FP4Mu - 你把上图中的容器叫做什么? 请命名容器本身，而非容器的内容物。给出你认为最好或最自然的容器名；它可以是单字或多字词。,https://berkeley.ca1.qualtrics.com/ControlPanel/Graphic.php?IM=IM_85HCfOWKB24ago6 - 在日常生活中，你有多常提及上图中的容器？请关注容器本身，而非它的内容物或者标签内容；图中的尺子只用于展示容器的大小。请将你提及图中容器的频率从1（我完全不提及这个容器）到7（我每天都提及这个容器）打分。,https://berkeley.ca1.qualtrics.com/ControlPanel/Graphic.php?IM=IM_85HCfOWKB24ago6 - 你把上图中的容器叫做什么? 请命名容器本身，而非容器的内容物。给出你认为最好或最自然的容器名；它可以是单字或多字词。,https://berkeley.ca1.qualtrics.com/ControlPanel/Graphic.php?IM=IM_01bSagUDdaY05Ia - 在日常生活中，你有多常提及上图中的容器？请关注容器本身，而非它的内容物或者标签内容；图中的尺子只用于展示容器的大小。请将你提及图中容器的频率从1（我完全不提及这个容器）到7（我每天都提及这个容器）打分。,https://berkeley.ca1.qualtrics.com/ControlPanel/Graphic.php?IM=IM_01bSagUDdaY05Ia - 你把上图中的容器叫做什么? 请命名容器本身，而非容器的内容物。给出你认为最好或最自然的容器名；它可以是单字或多字词。,https://berkeley.ca1.qualtrics.com/ControlPanel/Graphic.php?IM=IM_3azgz2MGkGMJ9mS - 在日常生活中，你有多常提及上图中的容器？请关注容器本身，而非它的内容物或者标签内容；图中的尺子只用于展示容器的大小。请将你提及图中容器的频率从1（我完全不提及这个容器）到7（我每天都提及这个容器）打分。,https://berkeley.ca1.qualtrics.com/ControlPanel/Graphic.php?IM=IM_3azgz2MGkGMJ9mS - 你把上图中的容器叫做什么? 请命名容器本身，而非容器的内容物。给出你认为最好或最自然的容器名；它可以是单字或多字词。,https://berkeley.ca1.qualtrics.com/ControlPanel/Graphic.php?IM=IM_bdDqj6hDV7IKHxI - 在日常生活中，你有多常提及上图中的容器？请关注容器本身，而非它的内容物或者标签内容；图中的尺子只用于展示容器的大小。请将你提及图中容器的频率从1（我完全不提及这个容器）到7（我每天都提及这个容器）打分。,https://berkeley.ca1.qualtrics.com/ControlPanel/Graphic.php?IM=IM_bdDqj6hDV7IKHxI - 你把上图中的容器叫做什么? 请命名容器本身，而非容器的内容物。给出你认为最好或最自然的容器名；它可以是单字或多字词。,https://berkeley.ca1.qualtrics.com/ControlPanel/Graphic.php?IM=IM_eDOBP0DB5KLMyNM - 在日常生活中，你有多常提及上图中的容器？请关注容器本身，而非它的内容物或者标签内容；图中的尺子只用于展示容器的大小。请将你提及图中容器的频率从1（我完全不提及这个容器）到7（我每天都提及这个容器）打分。,https://berkeley.ca1.qualtrics.com/ControlPanel/Graphic.php?IM=IM_eDOBP0DB5KLMyNM - 你把上图中的容器叫做什么? 请命名容器本身，而非容器的内容物。给出你认为最好或最自然的容器名；它可以是单字或多字词。,https://berkeley.ca1.qualtrics.com/ControlPanel/Graphic.php?IM=IM_2gJRo2Haal5EUGa - 在日常生活中，你有多常提及上图中的容器？请关注容器本身，而非它的内容物或者标签内容；图中的尺子只用于展示容器的大小。请将你提及图中容器的频率从1（我完全不提及这个容器）到7（我每天都提及这个容器）打分。,https://berkeley.ca1.qualtrics.com/ControlPanel/Graphic.php?IM=IM_2gJRo2Haal5EUGa - 你把上图中的容器叫做什么? 请命名容器本身，而非容器的内容物。给出你认为最好或最自然的容器名；它可以是单字或多字词。,https://berkeley.ca1.qualtrics.com/ControlPanel/Graphic.php?IM=IM_cNilZMAC8teBFGu - 在日常生活中，你有多常提及上图中的容器？请关注容器本身，而非它的内容物或者标签内容；图中的尺子只用于展示容器的大小。请将你提及图中容器的频率从1（我完全不提及这个容器）到7（我每天都提及这个容器）打分。,https://berkeley.ca1.qualtrics.com/ControlPanel/Graphic.php?IM=IM_cNilZMAC8teBFGu - 你把上图中的容器叫做什么? 请命名容器本身，而非容器的内容物。给出你认为最好或最自然的容器名；它可以是单字或多字词。,https://berkeley.ca1.qualtrics.com/ControlPanel/Graphic.php?IM=IM_73S6WrKsyTLOtU2 - 在日常生活中，你有多常提及上图中的容器？请关注容器本身，而非它的内容物或者标签内容；图中的尺子只用于展示容器的大小。请将你提及图中容器的频率从1（我完全不提及这个容器）到7（我每天都提及这个容器）打分。,https://berkeley.ca1.qualtrics.com/ControlPanel/Graphic.php?IM=IM_73S6WrKsyTLOtU2 - 你把上图中的容器叫做什么? 请命名容器本身，而非容器的内容物。给出你认为最好或最自然的容器名；它可以是单字或多字词。,https://berkeley.ca1.qualtrics.com/ControlPanel/Graphic.php?IM=IM_dcks7u8j4pwmwMS - 在日常生活中，你有多常提及上图中的容器？请关注容器本身，而非它的内容物或者标签内容；图中的尺子只用于展示容器的大小。请将你提及图中容器的频率从1（我完全不提及这个容器）到7（我每天都提及这个容器）打分。,https://berkeley.ca1.qualtrics.com/ControlPanel/Graphic.php?IM=IM_dcks7u8j4pwmwMS - 你把上图中的容器叫做什么? 请命名容器本身，而非容器的内容物。给出你认为最好或最自然的容器名；它可以是单字或多字词。,https://berkeley.ca1.qualtrics.com/ControlPanel/Graphic.php?IM=IM_7UGay87a4WgOwXc - 在日常生活中，你有多常提及上图中的容器？请关注容器本身，而非它的内容物或者标签内容；图中的尺子只用于展示容器的大小。请将你提及图中容器的频率从1（我完全不提及这个容器）到7（我每天都提及这个容器）打分。,https://berkeley.ca1.qualtrics.com/ControlPanel/Graphic.php?IM=IM_7UGay87a4WgOwXc - 你把上图中的容器叫做什么? 请命名容器本身，而非容器的内容物。给出你认为最好或最自然的容器名；它可以是单字或多字词。,https://berkeley.ca1.qualtrics.com/ControlPanel/Graphic.php?IM=IM_bjRhiMTNsHExWzc - 在日常生活中，你有多常提及上图中的容器？请关注容器本身，而非它的内容物或者标签内容；图中的尺子只用于展示容器的大小。请将你提及图中容器的频率从1（我完全不提及这个容器）到7（我每天都提及这个容器）打分。,https://berkeley.ca1.qualtrics.com/ControlPanel/Graphic.php?IM=IM_bjRhiMTNsHExWzc - 你把上图中的容器叫做什么? 请命名容器本身，而非容器的内容物。给出你认为最好或最自然的容器名；它可以是单字或多字词。,https://berkeley.ca1.qualtrics.com/ControlPanel/Graphic.php?IM=IM_41p6M0byXP5zXLw - 在日常生活中，你有多常提及上图中的容器？请关注容器本身，而非它的内容物或者标签内容；图中的尺子只用于展示容器的大小。请将你提及图中容器的频率从1（我完全不提及这个容器）到7（我每天都提及这个容器）打分。,https://berkeley.ca1.qualtrics.com/ControlPanel/Graphic.php?IM=IM_41p6M0byXP5zXLw - 你把上图中的容器叫做什么? 请命名容器本身，而非容器的内容物。给出你认为最好或最自然的容器名；它可以是单字或多字词。,https://berkeley.ca1.qualtrics.com/ControlPanel/Graphic.php?IM=IM_2sEtOVaBnaOetVk - 在日常生活中，你有多常提及上图中的容器？请关注容器本身，而非它的内容物或者标签内容；图中的尺子只用于展示容器的大小。请将你提及图中容器的频率从1（我完全不提及这个容器）到7（我每天都提及这个容器）打分。,https://berkeley.ca1.qualtrics.com/ControlPanel/Graphic.php?IM=IM_2sEtOVaBnaOetVk - 你把上图中的容器叫做什么? 请命名容器本身，而非容器的内容物。给出你认为最好或最自然的容器名；它可以是单字或多字词。,https://berkeley.ca1.qualtrics.com/ControlPanel/Graphic.php?IM=IM_a5CIi117TxjEdMy - 在日常生活中，你有多常提及上图中的容器？请关注容器本身，而非它的内容物或者标签内容；图中的尺子只用于展示容器的大小。请将你提及图中容器的频率从1（我完全不提及这个容器）到7（我每天都提及这个容器）打分。,https://berkeley.ca1.qualtrics.com/ControlPanel/Graphic.php?IM=IM_a5CIi117TxjEdMy - 你把上图中的容器叫做什么? 请命名容器本身，而非容器的内容物。给出你认为最好或最自然的容器名；它可以是单字或多字词。,https://berkeley.ca1.qualtrics.com/ControlPanel/Graphic.php?IM=IM_8A1UCYjNMzYBRiu - 在日常生活中，你有多常提及上图中的容器？请关注容器本身，而非它的内容物或者标签内容；图中的尺子只用于展示容器的大小。请将你提及图中容器的频率从1（我完全不提及这个容器）到7（我每天都提及这个容器）打分。,https://berkeley.ca1.qualtrics.com/ControlPanel/Graphic.php?IM=IM_8A1UCYjNMzYBRiu - 你把上图中的容器叫做什么? 请命名容器本身，而非容器的内容物。给出你认为最好或最自然的容器名；它可以是单字或多字词。,https://berkeley.ca1.qualtrics.com/ControlPanel/Graphic.php?IM=IM_difec3SRV2eLBPM - 在日常生活中，你有多常提及上图中的容器？请关注容器本身，而非它的内容物或者标签内容；图中的尺子只用于展示容器的大小。请将你提及图中容器的频率从1（我完全不提及这个容器）到7（我每天都提及这个容器）打分。,https://berkeley.ca1.qualtrics.com/ControlPanel/Graphic.php?IM=IM_difec3SRV2eLBPM - 你把上图中的容器叫做什么? 请命名容器本身，而非容器的内容物。给出你认为最好或最自然的容器名；它可以是单字或多字词。,本调查中是否有任何部分令你感到疑惑或沮丧？我们十分感谢您的反馈！,ID
4/28/21 22:45,4/28/21 23:03,中国大陆,否,女性,23,这个房间里有很多花，有各种各样的，粉色紫色和白色的花，还有一些没有开花的植物。这个房间的地面是黑白的大理石方格的。这个房间有很多落地的大窗户，窗框是铁制金属的，刷着深绿颜色的油漆，透光程度非常好，整个房间采光很好。这个房间里的家具都是铁制的。,4,罐,2,瓶,2,瓶,5,瓶,2,瓶,2,罐,2,瓶子,2,瓶,2,瓶,2,瓶,3,瓶,4,罐,2,瓶,2,罐子,4,罐,2,瓶,1 (我完全不提及这个容器),玻璃罐,3,瓶,6,罐,5,管,1 (我完全不提及这个容器),瓶子,3,桶,2,瓶,1 (我完全不提及这个容器),喷雾瓶,4,瓶,3,瓶,3,瓶,3,瓶,3,罐,2,罐子,3,瓶子,4,盒,3,瓶,2,罐子,3,罐,3,罐,2,罐子,2,罐子,3,盒,1 (我完全不提及这个容器),瓶,3,瓶,5,瓶,6,瓶,6,瓶,6,盒子,4,罐,2,喷雾罐,3,瓶,3,瓶,5,瓶子,1 (我完全不提及这个容器),盒子,2,瓶,2,罐子,2,桶,2,瓶,2,喷瓶,2,桶,5,桶,3,瓶,4,桶,图片项目太多太多了！！！,950948
4/28/21 22:48,4/28/21 23:05,中国大陆,否,女性,23,"哇，这里好多漂亮的花。这里太适合约会啦。
请问这里是花园嘛？这里的主人一定很浪漫。这里的风格好欧式。有机会一定带你去看看。这里的花儿生命力都很旺盛、长势良好。晚上打开灯，也许比白天更好看。大理石上照映出花儿的影子，烛火通明。
",4,小罐子,3,小瓶子,3,小瓶子,3,小瓶子,3,小瓶子,3,小罐子,3,瓶子,3,小瓶子,4,胡椒瓶,3,小瓶子,3,瓶子,3,小瓶子,3,小瓶子,3,玻璃瓶,3,小瓶子,3,小瓶子,4,小罐子,3,瓶子,4,小罐子,3,瓶子,4,罐子,5,瓶子,4,瓶子,4,喷雾,4,瓶子,3,小瓶子,4,玻璃瓶,3,瓶子,4,塑料瓶,4,玻璃瓶,3,瓶子,4,牛奶罐,3,瓶子,5,罐子,3,小瓶子,3,小瓶子,4,大玻璃瓶,5,罐子,3,小罐子,2,奶瓶,2,量杯,3,瓶子,3,大罐子,3,瓶子,3,罐子,4,罐子,2,喷雾瓶,3,小罐子,2,奶油瓶,4,玻璃瓶,3,大罐子,3,小瓶子,3,罐子,4,大罐子,5,塑料瓶,4,喷雾,4,罐子,3,大罐子,4,大罐子,4,大罐子,,951760
4/28/21 22:48,4/28/21 23:09,中国大陆,否,女性,23,这是一间花房，室外摆着黄色的郁金香，进门后正对着一个小的茶几，上面摆着一盆有粉色和紫色的花。茶几右边地上摆着几盆粉色玫瑰。墙壁上有复古式的吊灯，地上铺着白色的方形瓷砖，用黑色的瓷砖分隔，左手边应该是个螺旋式的楼梯，楼上不知道什么样子，仅从图片上来看，这是个非常漂亮的西式房间。,2,盒,2,杯,1 (我完全不提及这个容器),滴瓶,1 (我完全不提及这个容器),小瓶,2,瓶,1 (我完全不提及这个容器),盒,2,瓶,2,瓶子,2,小瓶,2,玻璃瓶,2,瓶,2,小罐,1 (我完全不提及这个容器),玻璃瓶,2,瓶,2,罐,2,瓶,2,瓶,2,小瓶,2,瓶,2,支,1 (我完全不提及这个容器),瓶,2,小瓶,2,瓶,1 (我完全不提及这个容器),喷雾器,2,瓶,1 (我完全不提及这个容器),罐,2,罐,2,瓶,2,小罐子,2,瓶,2,瓶,2,盒,2,瓶子,2,玻璃瓶,1 (我完全不提及这个容器),瓶,2,瓶,2,瓶,2,瓶,1 (我完全不提及这个容器),瓶,1 (我完全不提及这个容器),小瓶,1 (我完全不提及这个容器),杯,2,瓶,2,桶,2,瓶,2,饭盒,2,罐,2,罐,2,瓶,2,塑料瓶,2,瓶,1 (我完全不提及这个容器),盒子,2,小瓶,2,瓶,2,桶,1 (我完全不提及这个容器),瓶,2,喷雾瓶,3,桶,2,桶,2,桶,2,桶,有,401801
4/28/21 22:49,4/28/21 23:09,中国大陆,否,女性,23,我看到一个好漂亮的房间，算是欧式建筑吧，门特别大，而且都是玻璃的，非常透亮。房间里有很多花，应该是有郁金香，其他的我不太认识，还有旋转楼梯。总体就像是室内花园，超级好看。不过我估计晚上的话有点恐怖，屋里有那种可以种花的石柱，估计晚上会显得阴森森的。,3,小罐,3,塞子,3,有胶头滴管的瓶子,4,罐,2,塑料瓶,4,玻璃罐,4,玻璃罐,3,玻璃瓶,2,小玻璃瓶,3,小玻璃瓶,5,玻璃罐,2,小玻璃罐,2,小玻璃罐,2,小玻璃瓶,2,小玻璃罐,4,塑料瓶,2,小罐子,5,玻璃罐,5,玻璃罐,5,乳液管,4,塑料瓶,5,小罐罐,2,和唇膏似的小瓶子,2,喷药的那种瓶子,3,乳液瓶,1 (我完全不提及这个容器),小铁罐,4,玻璃罐,4,塑料罐,5,小玻璃罐,5,玻璃罐,2,扁扁的小瓶子,5,小盒子,2,小玻璃瓶,5,玻璃罐,2,塑料罐,5,玻璃罐,3,小玻璃罐,5,玻璃罐,3,那种奶瓶的瓶子,1 (我完全不提及这个容器),奇怪的小瓶子,1 (我完全不提及这个容器),小瓶子,5,玻璃罐,4,桶,2,玻璃瓶,4,盒,2,小铁瓶,5,摩丝瓶,2,小瓶,2,罐,2,酒瓶的那种瓶子,5,扁扁的小瓶子,2,小瓶子,1 (我完全不提及这个容器),小瓶子,4,桶,5,塑料瓶,4,小喷瓶,4,塑料瓶,5,桶,3,小瓶子,3,桶,有些容器不太认识，没有见过,775451
4/28/21 22:52,4/28/21 23:12,中国大陆,否,女性,24,这是一间非常具有欧式风情的花园洋房。房间里摆放着许许多多色彩斑斓的花朵，有粉色的郁金香，大概有十盆左右，它们被放置在地上，还有其他紫色的花朵。屋内没有人，有几把椅子。外面的阳光很好，光线照进屋内，明亮温暖。,2,小盒子,1 (我完全不提及这个容器),庇阴罐,1 (我完全不提及这个容器),滴管瓶,1 (我完全不提及这个容器),小瓶子,2,小药罐,1 (我完全不提及这个容器),小瓶子,1 (我完全不提及这个容器),瓶,1 (我完全不提及这个容器),小药剂瓶,2,调味瓶,2,调味瓶,1 (我完全不提及这个容器),罐,1 (我完全不提及这个容器),罐头,3,罐子,2,罐头,3,罐子,1 (我完全不提及这个容器),小瓶子,1 (我完全不提及这个容器),小罐子,1 (我完全不提及这个容器),瓶,2,罐,5,膏状体,1 (我完全不提及这个容器),卡通人物瓶,2,旋转瓶,1 (我完全不提及这个容器),胶水瓶,1 (我完全不提及这个容器),喷剂,3,按压瓶,1 (我完全不提及这个容器),罐,1 (我完全不提及这个容器),罐头,1 (我完全不提及这个容器),尖嘴壶,2,罐头,1 (我完全不提及这个容器),瓶,2,罐子,2,利乐包装瓶,2,瓶,2,罐头,2,罐头,2,瓶子,1 (我完全不提及这个容器),罐头,1 (我完全不提及这个容器),罐头,2,罐头瓶,1 (我完全不提及这个容器),奶瓶,1 (我完全不提及这个容器),量壶,1 (我完全不提及这个容器),小酒瓶,2,壶,2,中罐头,2,盒,2,罐头,1 (我完全不提及这个容器),喷瓶,1 (我完全不提及这个容器),瓶,1 (我完全不提及这个容器),滴瓶,2,玻璃瓶,2,瓶,1 (我完全不提及这个容器),小瓶子,2,罐头,1 (我完全不提及这个容器),大壶,2,窄身壶,1 (我完全不提及这个容器),喷瓶,2,手提壶,1 (我完全不提及这个容器),壶,1 (我完全不提及这个容器),塑料壶,1 (我完全不提及这个容器),壶,,899981
4/28/21 22:53,4/28/21 23:12,中国大陆,否,女性,22,这是一所华丽的很大的房子，里面摆满了盆栽。地砖很好看，门窗也很好看，感觉很典雅。桌椅都是铁质的。屋子外面环境也很好，好像是个大花园，不过感觉房子很有年头了。房子不知道有几层。墙上还有烛台这种东西。反正就是我很喜欢。,2,小盒,1 (我完全不提及这个容器),小盒,2,滴管瓶,1 (我完全不提及这个容器),小药瓶,1 (我完全不提及这个容器),小药瓶,1 (我完全不提及这个容器),罐,2,罐头瓶,2,瓶,1 (我完全不提及这个容器),小调料罐,1 (我完全不提及这个容器),小调料瓶,1 (我完全不提及这个容器),罐头瓶,1 (我完全不提及这个容器),果酱罐,1 (我完全不提及这个容器),罐头罐,1 (我完全不提及这个容器),罐头瓶,1 (我完全不提及这个容器),罐头瓶,1 (我完全不提及这个容器),小瓶,2,罐,1 (我完全不提及这个容器),罐头瓶,1 (我完全不提及这个容器),罐头瓶,2,装化妆品的软管,2,乳液瓶,1 (我完全不提及这个容器),管,2,管,2,喷瓶和尺子,3,按压瓶,2,小罐,1 (我完全不提及这个容器),罐头瓶,1 (我完全不提及这个容器),装酱的瓶子,1 (我完全不提及这个容器),罐头瓶,1 (我完全不提及这个容器),罐头瓶,2,罐头瓶,2,纸盒,1 (我完全不提及这个容器),瓶子,2,果酱罐,1 (我完全不提及这个容器),小塑料瓶,2,小罐子和尺子,1 (我完全不提及这个容器),罐头瓶,1 (我完全不提及这个容器),罐头瓶,2,爽身粉瓶,2,奶瓶,2,奶瓶,1 (我完全不提及这个容器),小酒瓶,1 (我完全不提及这个容器),小桶,1 (我完全不提及这个容器),罐,1 (我完全不提及这个容器),酱盒,2,罐,2,喷瓶和尺子,2,瓶子和尺子,1 (我完全不提及这个容器),瓶,3,玻璃瓶,1 (我完全不提及这个容器),瓶,1 (我完全不提及这个容器),小小的塑料瓶,1 (我完全不提及这个容器),罐,2,油桶,1 (我完全不提及这个容器),洗洁精瓶,1 (我完全不提及这个容器),喷瓶,1 (我完全不提及这个容器),桶,1 (我完全不提及这个容器),酱油壶,1 (我完全不提及这个容器),塑料罐,1 (我完全不提及这个容器),小桶,太长了太烦了,520919
4/28/21 22:52,4/28/21 23:13,中国大陆,否,女性,20,这是一个窗户明亮的房间，窗外阳光明媚，透过窗户照射进来，房间内放满了很多花盆，有郁金香、吊兰以及其他的花，中间的茶几桌是大理石板的，花纹很好看，一旁还放着墨绿色复古风的坐椅。整个房间的建筑是欧式风格，半圆形顶窗，竖纹墙壁，墙上还点着烛灯,2,小罐子,2,小药瓶,3,滴瓶,3,小瓶子,3,小瓶子,2,小瓶子,2,小罐子,3,小瓶子,3,小瓶子,2,小瓶子,2,瓶,2,小罐子,2,小罐子,2,药瓶,3,小罐子,2,小瓶子,3,小罐子,2,瓶,2,小罐子,3,塑料管,2,玩具瓶,2,喷瓶,3,喷瓶,2,喷瓶,2,挤压瓶,1 (我完全不提及这个容器),铝罐,3,罐头瓶,2,塑料瓶,4,小瓶子,2,玻璃瓶,2,瓶,5,纸盒,2,瓶,2,玻璃罐,2,小瓶子,3,瓶子,3,玻璃罐,2,玻璃瓶,3,纸盒,2,奶瓶,2,瓶,3,玻璃瓶,3,大提壶,4,塑料瓶,4,分装盒,4,易拉罐,3,喷瓶,2,瓶,2,瓶,5,玻璃瓶,2,盒,3,小瓶子,2,盒子,3,提壶,3,喷壶,3,喷壶,2,提壶,3,提壶,2,壶,2,大提壶,太多日常生活中不会区分叫什么名字的容器，容易混淆,814912
4/28/21 22:57,4/28/21 23:16,中国大陆,否,女性,20,那里是一个大厅，里面摆了许多种类的花，非常的香。装修也非常的华美，墙壁上装有那种非常复古的灯，一进去就让人感觉非常的华丽高贵。窗外的景色也是非常好看，大厅应该在一片花园中间。给人感觉非常安静。我想如果在这里安静的看书的话，会度过一个非常静谧的下午。,4,小药膏盒,1 (我完全不提及这个容器),小瓶子,5,滴瓶,5,小药瓶,2,小药瓶,2,小药膏盒,5,果酱瓶,2,小药瓶,2,装调料的罐子,3,玻璃瓶,6,密封罐,5,果酱瓶,3,小玻璃瓶,4,果酱瓶,3,小瓶子,6,小药瓶,5,果酱瓶,5,小奇怪形状的瓶子,5,果酱瓶,6,护手霜瓶子,2,好看的笑脸瓶子,4,喷雾瓶,5,圆柱形的瓶子,2,喷雾剂,5,装洗手液的按压瓶,1 (我完全不提及这个容器),小铝罐,5,果酱瓶,5,锥形的瓶子,4,密封罐,5,果酱瓶,5,果酱瓶,5,牛奶瓶,5,果酱瓶,5,果酱瓶,1 (我完全不提及这个容器),塑料瓶,5,果酱瓶,5,玻璃瓶,5,小玻璃罐子,4,盒子,5,奶瓶,5,挤番茄酱的瓶子,1 (我完全不提及这个容器),小酒瓶,6,大水桶,5,塑料瓶,2,小盒子,5,易拉罐,2,喷雾瓶,5,洗头膏瓶子,1 (我完全不提及这个容器),吸管瓶,4,饮料玻璃瓶,3,小盒子,3,小药瓶,5,罐头,6,大塑料瓶,1 (我完全不提及这个容器),塑料瓶,6,喷雾瓶,5,洗衣液瓶子,5,装醋的大瓶子,5,塑料罐,5,大水瓶,是的，实在是太多了，而且进度条在很长一段时间内不会动。不知道怎么形容的瓶子也很多emm,846523
4/28/21 22:49,4/28/21 23:18,中国大陆,否,女性,22,这是一个洋房，有许多种类的鲜花盛开着，包括郁金香等，还有一些铁质的桌子和椅子，大部分上面都摆放着各类鲜花，洋房外也是各种植物。洋房的地板是米色大理石纹样包着黑边的瓷砖，墙壁上则挂着古朴又华丽的灯，总而言之这是一个美丽复古的花房。,3,小塑料罐,1 (我完全不提及这个容器),黑色桶状物,1 (我完全不提及这个容器),带吸管的棕色玻璃瓶,2,塑料小瓶,3,小药罐,2,塑料罐,3,玻璃罐,2,药瓶,2,料理瓶,1 (我完全不提及这个容器),锥形玻璃罐,2,装罐头的,2,锥形罐,2,锥形玻璃罐,2,玻璃罐,1 (我完全不提及这个容器),玻璃罐,3,塑料罐,1 (我完全不提及这个容器),罐子,1 (我完全不提及这个容器),罐,2,罐头罐,1 (我完全不提及这个容器),管,3,宝宝沐浴露,2,长直塑料瓶,2,长塑料管,2,压力罐,1 (我完全不提及这个容器),有喷嘴的壶,1 (我完全不提及这个容器),铁皮罐,3,玻璃罐,2,胶水,2,玻璃罐,3,玻璃罐,3,大肚玻璃罐,3,纸盒,1 (我完全不提及这个容器),瓶,4,塑料瓶,2,料理罐,3,塑料罐,2,糖罐,2,玻璃罐,4,塑料瓶,1 (我完全不提及这个容器),吸嘴壶,2,吸管杯,1 (我完全不提及这个容器),带把玻璃瓶,2,油桶,3,玻璃罐,2,方塑料盒,4,易拉罐,2,高压罐,2,塑料瓶,1 (我完全不提及这个容器),吸管杯,5,玻璃瓶,1 (我完全不提及这个容器),小方盒,3,小塑料瓶,3,小桶,2,油桶,1 (我完全不提及这个容器),s形瓶,2,喷壶,2,油桶,2,油桶,1 (我完全不提及这个容器),直形小油桶,3,桶,,381753
4/28/21 22:55,4/28/21 23:23,中国大陆,否,女性,22,在一个典雅的花园风格大厅中，地面铺着黑框白底的瓷砖，四周有着绿框玻璃拱门，墙角挂着几盏华丽的灯，光线较为明亮。大厅中有大理石桌子、椅子以及架子，都是绿色系的。桌上，地上到处都摆放着鲜花，看上去充满生机。整体氛围显得十分安静雅致，适合享受一个惬意的下午。,2,小盒,5,盒子,2,小瓶,2,小瓶子,2,塑料瓶,1 (我完全不提及这个容器),小瓶子,3,小瓶子,1 (我完全不提及这个容器),小瓶子,2,瓶子,1 (我完全不提及这个容器),瓶子,5,玻璃瓶,3,瓶,1 (我完全不提及这个容器),小瓶子,3,罐子,2,玻璃瓶,5,瓶子,4,瓶子,1 (我完全不提及这个容器),瓶子,5,瓶,5,支,2,瓶子,2,瓶,2,瓶子,2,喷瓶,6,瓶子,1 (我完全不提及这个容器),小罐子,5,瓶,2,瓶子,5,瓶,5,小圆瓶,5,罐子,5,盒子,4,瓶子,4,瓶子,2,小圆筒,5,玻璃瓶,5,罐子,3,罐子,3,方瓶,3,奶瓶,2,瓶子,1 (我完全不提及这个容器),小瓶子,5,桶,4,瓶,5,塑料盒,5,铝罐,3,罐子,5,塑料瓶,1 (我完全不提及这个容器),壶,5,玻璃瓶,3,瓶,1 (我完全不提及这个容器),小瓶子,2,罐子,4,桶,4,塑料瓶,3,喷瓶,1 (我完全不提及这个容器),桶,5,塑料桶,1 (我完全不提及这个容器),大瓶,5, 桶,确实这些容器生活中不太会单独说它们的名字，感觉自己词汇很匮乏。感觉图片量有点大了。,683561
4/28/21 22:45,4/28/21 23:25,中国大陆,否,女性,21,这里是一个很漂亮的客厅。优雅古典的风格，桌椅都有着古典的花纹，摆放着好看的鲜花。墙壁上还有用蜡烛做的壁灯，很高级。我觉得它非常适合喝下午茶。看到鲜花让人心情愉悦，配上一杯下午茶，享受着阳光，可以放松休息。,2,很小的瓶子,3,很小的瓶子,3,滴灌瓶,3,玻璃瓶,4,药瓶,2,药瓶,3,玻璃瓶,2,塑料瓶,4,药瓶,3,玻璃瓶,4,塑料瓶,2,果汁瓶,2,玻璃瓶,2,塑料瓶,3,罐头罐头瓶,2,小杯子,3,药瓶,2,塑料瓶,3,玻璃瓶,4,按压瓶,3,塑料瓶,3,小塑料瓶,3,小瓶子,3,喷瓶,3,按压瓶,2,易拉罐,5,罐头瓶,2,塑料瓶,3,罐头瓶,4,玻璃罐,2,玻璃瓶,2,吸管瓶,3,塑料瓶,2,塑料瓶,3,塑料瓶,4,塑料瓶,4,玻璃瓶,2,玻璃瓶,3,玻璃瓶,2,奶嘴瓶,1 (我完全不提及这个容器),针筒,3,玻璃瓶,2,塑料瓶,3,玻璃瓶,3,塑料盒,2,易拉罐,3,颜料瓶,4,洗发露瓶,3,吸管瓶,4,玻璃瓶,4,塑料盒,3,小瓶子,3,易拉罐,3,洗洁精瓶,2,塑料瓶,4,压嘴瓶,4,洗衣液的瓶子,3,塑料瓶,3,塑料瓶,4,大瓶子,题目太多太多了，最好进度条有数字显示，不然会以为卡住了hhh,740497
4/28/21 23:04,4/28/21 23:37,中国大陆,否,男性,24,一间巴洛克风格的花房坐落在繁花似锦的树林里。屋外花团锦簇，屋内亦是满目春色。阳光透过西边的窗户缓缓地渗入到房间。两盏蜡烛灯光悠悠的燃烧着。屋子的正中央是一张小巧而又精致的桌子。整间屋子的气氛明亮，宁谧而又庄严。,2,小液盒,2,小筒,2,迷你滴管瓶,2,小滴管瓶,3,小药瓶,2,迷你瓶,3,食物瓶,2,迷你宅口瓶,3,调味瓶,3,药瓶,2,中玻璃罐,2,迷你瓶,2,中式窄口瓶,2,中式药瓶,3,小宅口食物瓶,1 (我完全不提及这个容器),胶棒瓶,3,麻酱瓶,3,酱油瓶,3,食物罐,7 (我每天都提及这个容器),修复霜,3,喷雾瓶,3,窄瓶,3,小筒,2,中号喷式瓶,4,液体挤式瓶,2,小罐,3,果酱瓶,2,中式滴管瓶,1 (我完全不提及这个容器),小瓶,3,中式容器瓶,2,中式宽口瓶,5,方形盒,3,标准瓶,3,小咖啡瓶,3,中号药瓶,2,中号瓶,3,食物瓶,4,食物瓶,3,小日用品瓶,3,奶瓶,2,小胶水瓶,3,窄口玻璃瓶,2,大奶箱,3,食品瓶,5,小盒子,2,迷你罐,3,小罐,4,日用品瓶,3,大容器瓶,5,标准酒瓶,5,牛奶盒,3,小药瓶,4,薯片罐,3,洗衣液瓶,2,大宽口瓶,4,喷雾瓶,4,洗衣液瓶,4,油壶,4,大瓶,3,大油壶,很多瓶子单纯从外观不从用途很难区分描述,828488
4/28/21 22:58,4/28/21 23:45,中国大陆,否,女性,21,图片里是一个宽敞明亮的欧式房间，房间里摆放了许多盆绿植，包还括郁金香等花朵。房间中央的桌子上摆了一盆盛开的花朵，四周角落里也放满了各种绿植，左下角地上有几盆粉色的郁金香，后面架子上是一盆较大的绿植，隔壁还有几把椅子及一个小桌子，很适合喝下午茶。房间外面像一个小花园，种植了各种花草绿植，看上去生机勃勃，绿意盎然。,3,小圆瓶,2,白盖黑瓶,3,滴管瓶,3,密封瓶,5,药瓶,3,小药瓶,2,小玻璃瓶,3,黑色塑料瓶,2,细颈瓶,2,玻璃瓶,2,白盖玻璃瓶,3,铁盖玻璃瓶,3,梨形玻璃瓶,3,玻璃果酱瓶,2,小圆玻璃瓶,2,有盖瓶,2,塑料咖啡瓶,2,小蛮腰玻璃瓶,2,白盖玻璃瓶,4,护手霜瓶,2,玩偶形瓶,3,圆桶型小塑料瓶,2,有盖瓶,3,喷雾瓶,4,按压泵瓶,2,铁罐瓶,3,果酱玻璃瓶,2,三角瓶,2,扁圆瓶,2,玻璃糖果瓶,2,酱料瓶,5,酸奶盒,2,扁饮料瓶,2,塑料瓶,3,广口盖塑料瓶,2,塑料糖果瓶,3,广口玻璃瓶,4,玻璃调料瓶,2,小白瓶,3,回型瓶,2,滴口瓶,2,小玻璃瓶,3,塑料桶,3,葫芦型塑料瓶,2,嵌入式塑料瓶,4,易拉罐,3,喷头铁罐,4,白色塑料瓶,2,胶水瓶,3,玻璃饮料瓶,2,方形盒,3,白色塑料瓶,2,圆桶瓶,3,可拎塑料桶,4,洗涤剂瓶,4,带喷头塑料瓶,3,可拎塑料瓶,3,酱油桶,3,塑料桶,4,白色塑料桶,类似容器太多，不只该如何命名,191315
4/28/21 23:46,4/29/21 00:07,中国大陆,否,女性,21,这是一间田园风格的客厅，有绿色的铁艺拱门和窗户，家具也是统一的风格，绿色的镂空铁艺。房屋的角落有罗马柱式的花盆，有白色的墙壁，墙上有蜡烛形的壁灯，四周布满郁金香和其他的盆花，从窗户看出去是红色的砖墙和阳光明媚花团锦簇的花园,3,面霜瓶,1 (我完全不提及这个容器),黑色小罐子,4,滴管玻璃瓶,2,圆形小玻璃瓶,1 (我完全不提及这个容器),迷你小塑料罐,2,红盖塑料瓶,2,小玻璃瓶,3,方形小塑料瓶,2,玻璃胡椒罐,2,玻璃胡椒瓶,2,白马口铁玻璃瓶,1 (我完全不提及这个容器),迷你马口铁玻璃罐,2,酱汁罐头,3,罐头,2,马口铁盖矮罐,2,蓝色小罐子,2,塑料罐,2,圣诞树形玻璃罐,3,柱形玻璃罐,4,软管瓶,1 (我完全不提及这个容器),塑料宝宝霜罐子,2,圆柱形罐子,1 (我完全不提及这个容器),小圆柱罐,2,圆柱压力罐,2,塑料挤压罐,2,铁罐,2,蓝盖玻璃瓶,3,尖头塑料瓶,3,花生酱罐子,2,收口玻璃罐,2,俄罗斯酸黄瓜式玻璃瓶,2,利乐盒子,3,塑料罐,3,金盖玻璃瓶,2,红黄配色塑料瓶,2,坚果罐子,2,大马口铁玻璃罐,2,绿盖子玻璃瓶,2,保健品罐子,1 (我完全不提及这个容器),异形奶瓶,1 (我完全不提及这个容器),带刻度塑料杯,1 (我完全不提及这个容器),玻璃水壶,1 (我完全不提及这个容器),大塑料壶,1 (我完全不提及这个容器),有腰线的塑料罐,2,塑料乐扣盒,4,易拉罐,3,真空压力瓶,2,沐浴露,1 (我完全不提及这个容器),带吸管塑料瓶,4,窄口玻璃瓶,1 (我完全不提及这个容器),方形塑料瓶,1 (我完全不提及这个容器),白盖塑料瓶,3,纸筒,2,大塑料壶,2,长得像个人的白塑料瓶,2,鸭嘴按压瓶,2,蓝色白盖塑料瓶,2,大塑料壶,2,塑料大罐,3,白色塑料壶,暂无,999753
4/29/21 00:00,4/29/21 00:50,中国大陆,否,女性,23,这是一间摆满了鲜花的房间，有三扇偏欧式的圆窗，窗子是绿色的边框。房间里有盆栽和鲜花，地上摆着几盆粉色的郁金香，很显眼，一眼就能看见。郁金香旁边是一个简约的花架，架子上摆着一盆盆栽。房间中间摆着一个与窗子同色系的小桌子，桌子面板是大理石，桌上也摆着一盆花，花是紫色和粉色的，但是我不认得是什么品种。,3,小圆罐,2,管,3,滴管瓶,1 (我完全不提及这个容器),玻璃药瓶,4,小瓶子,2,小瓶子,2,小罐子,1 (我完全不提及这个容器),小瓶子,2,小罐子,2,小罐子,2,小罐子,2,小罐子,2,小罐子,3,小罐子,3,小罐子,2,小瓶子,3,罐子,1 (我完全不提及这个容器),小罐子,3,小罐子,3,管,1 (我完全不提及这个容器),瓶子,2,小瓶子,2,小瓶子,5,喷瓶,2,按压嘴的瓶子,1 (我完全不提及这个容器),铝罐,2,小罐子,1 (我完全不提及这个容器),滴瓶,2,小罐子,3,罐子,2,小罐子,5,纸盒子,4,瓶,4,罐子,4,瓶子,3,罐子,3,罐子,3,罐子,3,瓶子,1 (我完全不提及这个容器),奶瓶,2,奶瓶,1 (我完全不提及这个容器),瓶子,2,小桶,2,小玻璃罐,1 (我完全不提及这个容器),小盒子,4,铝罐,2,喷瓶,3,拼字,1 (我完全不提及这个容器),滴瓶,4,玻璃瓶,1 (我完全不提及这个容器),小方盒,2,小瓶子,3,小罐子,3,桶,2,瓶子,3,喷瓶,2,桶,3,小桶,1 (我完全不提及这个容器),桶,5,桶,太长了…可以给个准确的进度条,854779
4/29/21 02:12,4/29/21 02:29,中国大陆,否,女性,23,这是一个室内花园，里面有很多的鲜花。房间看上去很大很宽敞，屋顶很高。房间内各个地方都摆满了鲜花和植物，有郁金香、紫罗兰，也有小株的盆栽。整体的设计风格偏欧式，以绿色基调为主。在房间的正中有一个桌子，房间的两边各有西式风格石柱。,1 (我完全不提及这个容器),润唇膏罐,2,看不懂瓶,1 (我完全不提及这个容器),滴管,2,药瓶,1 (我完全不提及这个容器),药瓶,1 (我完全不提及这个容器),小塑料圆罐,2,玻璃瓶,1 (我完全不提及这个容器),药罐,1 (我完全不提及这个容器),调料罐,1 (我完全不提及这个容器),玻璃瓶,1 (我完全不提及这个容器),玻璃瓶,1 (我完全不提及这个容器),果酱罐,2,玻璃瓶,2,果酱瓶,1 (我完全不提及这个容器),玻璃瓶,1 (我完全不提及这个容器),调味瓶,1 (我完全不提及这个容器),玻璃瓶,1 (我完全不提及这个容器),玻璃瓶,2,色拉罐,1 (我完全不提及这个容器),护手霜,1 (我完全不提及这个容器),拟人玻璃瓶,1 (我完全不提及这个容器),瓶子,2,瓶子,1 (我完全不提及这个容器),喷雾,1 (我完全不提及这个容器),有按压泵头的罐子,2,铁瓶,2,玻璃瓶,2,三角玻璃瓶,2,玻璃瓶,2,玻璃瓶,2,玻璃瓶,1 (我完全不提及这个容器),利乐包装,2,塑料瓶,2,玻璃瓶,1 (我完全不提及这个容器),塑料瓶,1 (我完全不提及这个容器),玻璃瓶,3,玻璃罐,2,玻璃瓶,1 (我完全不提及这个容器),罐子,1 (我完全不提及这个容器),奶瓶,1 (我完全不提及这个容器),奶瓶,2,玻璃酒瓶,1 (我完全不提及这个容器),水桶,1 (我完全不提及这个容器),瓶子,1 (我完全不提及这个容器),塑料瓶,1 (我完全不提及这个容器),铁瓶,1 (我完全不提及这个容器),汽油罐,2,塑料瓶,1 (我完全不提及这个容器),瓶子,2,玻璃瓶,1 (我完全不提及这个容器),瓶子,2,药罐,2,纸瓶,1 (我完全不提及这个容器),汽油桶,3,塑料罐,2,喷雾,2,塑料瓶,1 (我完全不提及这个容器),塑料桶,1 (我完全不提及这个容器),罐子,2,水桶,很多瓶子在我看来都差不多，区分不出来差别,773739
4/29/21 18:02,4/29/21 18:19,中国大陆,否,男性,23,在一个西式风格的房子里，有许多椅子还有桌子，在这些家具附近是很多的鲜花，整个天气阳光明媚，非常的好。我觉得这个地方一定是在欧洲，整个画面色彩比较艳丽。墙上还有带着蜡烛的吊灯，蜡烛燃烧，衬托着整个房间很有氛围,3,发胶,2,胶卷,2,消炎水,3,药瓶,6,药罐,3,药膏,3,实物罐,5,小酒瓶,6,胡椒罐,2,储物瓶,5,罐头,6,果酱,6,菠萝酱,6,番茄汁,3,小罐子,6,玻璃水,4,调料罐,4,酱汁瓶,5,罐头,6,润肤露,1 (我完全不提及这个容器),婴儿用品,5,胶棒,4,清洁瓶,6,杀虫剂,7 (我每天都提及这个容器),洗手液,4,颜料罐,3,蓝莓酱,6,调味瓶,3,糖果罐,4,辣酱,4,酱汁,7 (我每天都提及这个容器),果汁,5,酒瓶,2,黄油罐,3,调料罐,6,玻璃瓶,3,药瓶,6,披萨酱,7 (我每天都提及这个容器),牛奶,4,奶瓶,5,番茄瓶,6,酒瓶,3,汽油桶,2,坚果罐,5,便当盒,4,长期罐头,4,喷雾,5,防晒霜,3,清洁剂瓶,5,蓝莓果汁,5,饮料,3,糖果罐,2,菠菜罐头,2,油罐,3,清洁剂,5,喷洒瓶,6,清洁剂,5,酱油桶,3,储物罐,2,燃料桶,"前面描述部分没有字数提示

物品感觉很相似",467821
4/29/21 18:34,4/29/21 18:56,中国大陆,否,女性,20,"主体是欧式复古室内一角，大理石地砖，白色为主体黑色为线条点缀，多落地窗。有很多花卉，主要是粉色，摆放在桌子上或者地上。还有同样风格的桌椅、壁灯。
外面是一个小花园，阳光明媚，通向花园的门半开着，似乎可以随时走出去享受自然之美。",2,麦当劳甜酸酱盒,2,小小针线筒,4,精华瓶,2,小胡椒罐,2,维生素药瓶,2,小小塑料盒,2,小小果酱瓶,2,小药水瓶,2,香料瓶,1 (我完全不提及这个容器),香料罐,2,水果罐头瓶二,2,小小酱罐,2,小水果罐头瓶,1 (我完全不提及这个容器),果酱罐,2,果酱瓶恩号,2,小驱蚊水瓶,2,糖豆瓶,3,怪形酱罐,4,小酱罐,2,炼乳容器,1 (我完全不提及这个容器),怪形奶瓶,2,百乐滋罐,2,驱蚊水瓶二号,2,喷剂瓶,2,洗面奶喷壶,2,怪形酱罐二,3,蓝莓果酱瓶,1 (我完全不提及这个容器),挤酱壶,2,小坚果桶,3,大蜂蜜罐二,2,黑胡椒酱罐,2,两块五牛奶盒,3,番茄酱瓶,3,蜂蜜罐,1 (我完全不提及这个容器),小圆瓶,2,大塑料瓶,2,大果酱瓶,2,大酱菜罐,2,牛奶瓶,2,怪形奶瓶,2,奶瓶,2,小酒瓶,2,大大酱油桶三,2,透明腰果罐,2,小方坚果桶,2,小薯片盒,2,喷罐,2,海飞丝瓶,1 (我完全不提及这个容器),针口瓶,2,酒瓶,1 (我完全不提及这个容器),巧克力豆盒,2,小酱汁瓶,3,饼干罐,2,汽油桶,2,人体形瓶,3,洁厕灵,4,洗衣液桶,3,大酱油瓶二,3,大大塑料瓶,3,大酱油瓶,太长了,682523
4/29/21 18:43,4/29/21 19:12,中国大陆,否,男性,23,今天是白天。这间屋子是花房。房子正中间摆放着一张四角长方桌，上面是一盆粉色的花。靠近窗户的一有花架，花柱以及三四把椅子。花架上面摆放着1m高的花，花架的地面处紧挨着粉色的郁金香。此时的花房门是打开的。,4,面霜瓶,2,药瓶,4,滴瓶,1 (我完全不提及这个容器),细颈瓶,3,药瓶,2,调料瓶,1 (我完全不提及这个容器),罐头,4,药瓶,1 (我完全不提及这个容器),调料瓶,2,调料瓶,2,罐头瓶,2,罐头,1 (我完全不提及这个容器),三角瓶,3,罐头,2,罐头瓶,2,化妆瓶,1 (我完全不提及这个容器),调料瓶,1 (我完全不提及这个容器),沙拉酱瓶,1 (我完全不提及这个容器),调理瓶,3,挤压瓶,1 (我完全不提及这个容器),细颈瓶,1 (我完全不提及这个容器),喷壶,1 (我完全不提及这个容器),喷,1 (我完全不提及这个容器),喷,3,挤压壶,1 (我完全不提及这个容器),广口瓶,2,罐头瓶,1 (我完全不提及这个容器),挤压壶,2,罐头,1 (我完全不提及这个容器),罐头瓶,2,罐头瓶,2,牛奶盒,1 (我完全不提及这个容器),细颈瓶,1 (我完全不提及这个容器),罐头瓶,1 (我完全不提及这个容器),塑料瓶,2,罐头瓶,1 (我完全不提及这个容器),罐头瓶,3,水果罐头,2,盒,1 (我完全不提及这个容器),奶瓶,1 (我完全不提及这个容器),奶瓶,2,酒瓶,1 (我完全不提及这个容器),桶,1 (我完全不提及这个容器),细颈瓶,2,盒,3,易拉罐,1 (我完全不提及这个容器),喷,3,洗发水瓶,1 (我完全不提及这个容器),手持瓶,2,酒瓶,5,盒,1 (我完全不提及这个容器),调料瓶,2,调料瓶,3,壶,1 (我完全不提及这个容器),细颈壶,5,喷壶,5,洗衣瓶,2,壶,1 (我完全不提及这个容器),桶,2,牛奶罐,非常疑惑，日常生活中几乎不会称呼瓶子，而是用容器内的物品称呼。,558773
4/29/21 19:24,4/29/21 19:45,中国大陆,否,女性,23,这是一张室内花园的图片。位置在一层，房间是西式装修，有很多落地的玻璃门可以看到外面。室内摆放了一些养在花盆里的植物和粉色的花，有一个长方形类似大理石的桌子摆在房间中央，上面摆放了一盆花。房间内还有一些比人矮一点的石柱，柱子顶也养了花。房间的墙壁上有西式的金色壁灯，每个灯上放了点燃的蜡烛。这张照片拍摄在阳光明媚的白天，似乎是个夏日。透过玻璃门能看到摆放在门边黄色的花朵。,1 (我完全不提及这个容器),小容器,1 (我完全不提及这个容器),塑料小盒,2,带吸管的小玻璃瓶,1 (我完全不提及这个容器),小玻璃瓶,1 (我完全不提及这个容器),小药瓶,1 (我完全不提及这个容器),小塑料罐,1 (我完全不提及这个容器),玻璃罐,1 (我完全不提及这个容器),小玻璃瓶,2,小瓶子,1 (我完全不提及这个容器),小玻璃罐,1 (我完全不提及这个容器),小玻璃罐,1 (我完全不提及这个容器),小玻璃罐,1 (我完全不提及这个容器),小玻璃罐,2,小玻璃罐,1 (我完全不提及这个容器),玻璃罐,1 (我完全不提及这个容器),小罐子,2,小塑料罐,1 (我完全不提及这个容器),小玻璃罐,1 (我完全不提及这个容器),玻璃罐,2,一管护手霜,2,小塑料瓶,1 (我完全不提及这个容器),瓶子,1 (我完全不提及这个容器),小罐子,1 (我完全不提及这个容器),喷瓶,2,按压的瓶子,1 (我完全不提及这个容器),小金属容器,1 (我完全不提及这个容器),玻璃罐,1 (我完全不提及这个容器),玻璃罐,2,小塑料罐,1 (我完全不提及这个容器),罐子,1 (我完全不提及这个容器),玻璃罐,2,饮料盒,1 (我完全不提及这个容器),塑料罐,1 (我完全不提及这个容器),小玻璃罐,1 (我完全不提及这个容器),小塑料罐,1 (我完全不提及这个容器),塑料罐,1 (我完全不提及这个容器),玻璃罐,1 (我完全不提及这个容器),玻璃罐,2,饮料盒,1 (我完全不提及这个容器),奶瓶,1 (我完全不提及这个容器),小塑料瓶,3,玻璃瓶,1 (我完全不提及这个容器),大塑料桶,1 (我完全不提及这个容器),玻璃罐,1 (我完全不提及这个容器),小塑料盒,1 (我完全不提及这个容器),铁罐,1 (我完全不提及这个容器),金属喷瓶,2,一管护肤品,2,带吸管的塑料瓶,1 (我完全不提及这个容器),玻璃罐,3,瓶子,1 (我完全不提及这个容器),小塑料罐,1 (我完全不提及这个容器),小罐子,1 (我完全不提及这个容器),大塑料桶,2,塑料瓶,2,喷瓶,1 (我完全不提及这个容器),洗衣液的桶,1 (我完全不提及这个容器),塑料桶,1 (我完全不提及这个容器),大塑料桶,1 (我完全不提及这个容器),大塑料桶,无,735902
4/29/21 19:30,4/29/21 20:03,中国大陆,否,男性,19,这是一个摆满花花的房间。里面有我最爱的郁金香。他的装修很奢华。房间很大，采用的是西方的建筑样式。窗户采用的是半圆形和方形，并且与门相结合。两旁有类似火炬的花盆，很有特色。地板用的是格子花纹的大理石地板，十分具有格调。,2,面霜小样瓶,1 (我完全不提及这个容器),墨水瓶,4,试剂瓶,2,小型饮料瓶,6,药片瓶,4,凡士林瓶,4,果酱罐子,2,小瓶酒瓶,3,胡椒粉瓶,3,饮料瓶,4,水果罐头,4,果酱罐子,4,果酱罐子,4,果酱罐子,4,水果罐头,2,rush瓶,1 (我完全不提及这个容器),罐子,3,牛肉酱瓶,4,酱罐子,3,洗面奶包装,1 (我完全不提及这个容器),防晒喷雾罐子,4,调料罐,4,固体胶,3,喷雾瓶子,3,洗面奶瓶,2,什锦罐头,4,果酱罐子,3,胶水瓶,3,玻璃罐子,4,水果罐头,1 (我完全不提及这个容器),免洗消毒液包装,6,盒装饮料包装,2,果汁瓶,3,蜂蜜罐子,2,调料罐,2,腌制罐子,4,水果罐子,4,水果罐头,6,盒装酸奶包装,3,奶瓶,6,胶水瓶,3,白酒瓶,3,油桶,4,坚果罐子,4,甜品盒,4,水果罐头,4,喷漆罐子,3,洗发露瓶子,3,胶水瓶,5,酒瓶,1 (我完全不提及这个容器),高级饮料瓶,2,防晒霜瓶子,3,水果罐头,3,洗衣液桶,4,洗洁精瓶,3,消毒剂容器,4,洗衣液瓶,3,大瓶酱油盒,2,油桶,4,大瓶矿泉水瓶,有些容器在中国都叫一个😳 ,641506
4/29/21 19:50,4/29/21 20:13,中国大陆,否,男性,26,我去了一个很舒服的地方，那里是一个有欧式风格的建筑。在屋子里面存放了很多盛开的鲜花，花的的颜色有红色粉色等等。它有深绿色的门子和窗户，木纹色的墙面，让人感觉很舒服。墙上面还有比较古老的灯。而且窗外是一片花草树木。里面的家具很简单，一眼就能看全，简单的茶几，几个凳子，显得简约而不简单,1 (我完全不提及这个容器),药盒,2,药瓶,2,小瓶,2,小瓶,2,药瓶,1 (我完全不提及这个容器),小瓶,2,小瓶,1 (我完全不提及这个容器),小瓶,1 (我完全不提及这个容器),小玻璃瓶,1 (我完全不提及这个容器),小瓶,2,玻璃瓶,2,小瓶,3,罐头瓶,2,小玻璃瓶,2,瓶,1 (我完全不提及这个容器),小瓶子,3,小瓶,1 (我完全不提及这个容器),料瓶,2,小瓶,1 (我完全不提及这个容器),袋,2,盒,1 (我完全不提及这个容器),口香糖瓶,2,小瓶子,1 (我完全不提及这个容器),喷东西的瓶子,4,小喷壶,2,铁瓶,3,小瓶,2,塑料瓶,2,糖盒,2,玻璃瓶,2,玻璃瓶,2,纸盒,2,小瓶子,3,瓶,1 (我完全不提及这个容器),小塑料瓶,5,瓶子,2,药瓶,4,瓶,2,瓶,3,奶瓶,2,塑料瓶,2,小瓶,2,塑料桶,3,瓶子,2,小盒,3,罐,2,喷的,2,瓶,4,奶瓶,2,小玻璃瓶,3,纸盒,2,药瓶,2,罐,2,桶,2,塑料,2,喷壶,2,桶,2,桶,1 (我完全不提及这个容器),药瓶,3,小水桶,类似的太多了,809737
4/29/21 19:37,4/29/21 20:16,中国大陆,否,女性,23,"我看到一个花园一样的房间，有深绿色支架的桌子、椅子和支架。
有很大的玻璃，很明亮。
有很多盆粉色的郁金香被放在支架旁边的地上。
中间的桌子上有一大盆粉色、紫色和白色的花，角落里有一大盆茂盛的绿色植物。
墙壁是白色的，地上铺着黑白格纹的大理石砖。
",6,小圆盒,2,胶卷桶,2,小滴瓶,2,小药瓶,7 (我每天都提及这个容器),药瓶,2,小瓶,1 (我完全不提及这个容器),小玻璃瓶,1 (我完全不提及这个容器),小方塑料瓶,1 (我完全不提及这个容器),小瓶,2,小玻璃瓶,3,罐头瓶,2,小玻璃罐,4,玻璃罐,3,罐头瓶,2,小玻璃罐,3,塑料罐,4,玻璃瓶,1 (我完全不提及这个容器),小玻璃瓶,2,罐头瓶,2,洗面奶管,1 (我完全不提及这个容器),娃娃头瓶,1 (我完全不提及这个容器),黄色塑料瓶,1 (我完全不提及这个容器),小塑料瓶,2,喷雾罐,2,按压瓶,1 (我完全不提及这个容器),小金属管,2,玻璃罐头瓶,2,尖嘴水滴性塑料瓶,2,小玻璃罐,5,玻璃罐头瓶,3,小玻璃罐,3,饮料盒,2,瓶子,2,沙拉酱玻璃罐,1 (我完全不提及这个容器),小黄罐,2,玻璃罐,2,玻璃罐,2,玻璃罐,1 (我完全不提及这个容器),方塑料瓶,2,奶嘴儿瓶,1 (我完全不提及这个容器),奶瓶,1 (我完全不提及这个容器),玻璃壶,3,带把手的大桶,2,高玻璃瓶,2,有盖儿的小方塑料盒,4,罐头,1 (我完全不提及这个容器),压缩气体瓶,2,洗发液瓶,1 (我完全不提及这个容器),长嘴塑料瓶,2,高玻璃瓶,4,方瓶,1 (我完全不提及这个容器),小罐,1 (我完全不提及这个容器),盐罐,2,油桶,1 (我完全不提及这个容器),塑料瓶,3,喷壶,5,洗衣液桶,1 (我完全不提及这个容器),酱油桶,1 (我完全不提及这个容器),方塑料瓶,6,水桶,是的 进度条不会随着每一个问题结束而变化,120636
4/29/21 19:56,4/29/21 20:44,中国大陆,否,女性,20,我看见了一个满是绿植的房间。我只能认出有郁金香，其他都是我不认识的。还有很多铁艺工艺品，椅子，桌子等等。还有一个很对玻璃门窗，窗明几净。房间的等亮着微弱昏黄的光，房间外围有更多的绿植，让人忍不住踏进去一探究竟。,5,面霜罐,1 (我完全不提及这个容器),不认识,5,精华容器,1 (我完全不提及这个容器),塑料瓶,2,药瓶,1 (我完全不提及这个容器),普通塑料盒,4,容器,1 (我完全不提及这个容器),不认识,4,调料瓶,1 (我完全不提及这个容器),玻璃瓶,2,容器,3,果酱瓶,3,罐头,3,水果罐头,2,果酱,1 (我完全不提及这个容器),不认识,1 (我完全不提及这个容器),酱料瓶,2,罐头,2,玻璃瓶,5,洗面奶 护手霜一类,2,玩具,2,罐装容器,4,喷雾,1 (我完全不提及这个容器),喷瓶,4,按压瓶,1 (我完全不提及这个容器),铁罐,2,果酱瓶,5,酱料瓶,4,玻璃瓶,1 (我完全不提及这个容器),罐头,4,玻璃杯,4,饮料瓶,1 (我完全不提及这个容器),果酱瓶,2,咖啡罐,1 (我完全不提及这个容器),不认识,1 (我完全不提及这个容器),玻璃瓶,4,玻璃杯,3,玻璃瓶,3,沐浴露瓶,2,奶瓶,2,奶瓶,1 (我完全不提及这个容器),玻璃瓶,4,塑料瓶,4,容器瓶,3,饭盒,2,饮料瓶,2,喷瓶,3,洗发水一类的,1 (我完全不提及这个容器),不认识,5,饮料瓶,1 (我完全不提及这个容器),方瓶,1 (我完全不提及这个容器),不认识,1 (我完全不提及这个容器),不认识,2,油桶,1 (我完全不提及这个容器),不认识,2,喷雾器,1 (我完全不提及这个容器),塑料瓶,5,酱料瓶,1 (我完全不提及这个容器),不认识,1 (我完全不提及这个容器),塑料瓶,有，其实有很多瓶子我都不认识😂 ,341938
4/29/21 21:26,4/29/21 21:44,中国大陆,否,男性,19,这里是一个美丽的房间，房间里面有没有的花儿，花的颜色各种各样，有粉色，紫色，红色等。还有窗户，窗外阳光明媚，窗外有很多绿植，给人一种愉悦感！房间的门和窗户比较相似，上面是半圆形，下面是矩形，房间里面的地板是正方形的，地板上面有茶几，靠近窗户的位置有花儿。。,1 (我完全不提及这个容器),盒,1 (我完全不提及这个容器),瓶子,2,药瓶,1 (我完全不提及这个容器),瓶子,2,药瓶,1 (我完全不提及这个容器),瓶,1 (我完全不提及这个容器),瓶,1 (我完全不提及这个容器),瓶子,4,药瓶,2,药瓶,4,药瓶,1 (我完全不提及这个容器),瓶,1 (我完全不提及这个容器),瓶子,1 (我完全不提及这个容器),药瓶,1 (我完全不提及这个容器),小瓶子,1 (我完全不提及这个容器),瓶子,1 (我完全不提及这个容器),药瓶,1 (我完全不提及这个容器),瓶子,2,瓶,1 (我完全不提及这个容器),瓶子,1 (我完全不提及这个容器),玩具瓶,1 (我完全不提及这个容器),瓶,1 (我完全不提及这个容器),瓶子,1 (我完全不提及这个容器),瓶子,1 (我完全不提及这个容器),喷雾器,1 (我完全不提及这个容器),瓶子,1 (我完全不提及这个容器),瓶子,4,胶水的瓶子,1 (我完全不提及这个容器),瓶,1 (我完全不提及这个容器),玻璃瓶,1 (我完全不提及这个容器),瓶子,3,盒,2,小瓶子,1 (我完全不提及这个容器),瓶子,1 (我完全不提及这个容器),装糖的瓶子,1 (我完全不提及这个容器),瓶子,2,药瓶,3,玻璃瓶,1 (我完全不提及这个容器),瓶子,1 (我完全不提及这个容器),瓶子,2,胶水瓶,1 (我完全不提及这个容器),酒瓶,1 (我完全不提及这个容器),小桶,1 (我完全不提及这个容器),瓶子,3,收纳盒,4,罐,4,油漆瓶,1 (我完全不提及这个容器),瓶,1 (我完全不提及这个容器),瓶子,1 (我完全不提及这个容器),颜料瓶,3,盒子,1 (我完全不提及这个容器),瓶子,1 (我完全不提及这个容器),罐子,3,汽油桶,1 (我完全不提及这个容器),瓶子,1 (我完全不提及这个容器),喷雾器,2,油漆桶,1 (我完全不提及这个容器),瓶子,3,胶质瓶子,2,油桶,很多瓶子都没有见过，感觉都差不多，然后有点烦躁,761819